task_id,mu,sigma
wildchat_8,0.0,1.0
wildchat_21,-0.23467695793088225,1.0
wildchat_39,-9.236035887280812e-17,1.0
wildchat_49,9.236035887280812e-17,1.0
wildchat_66,0.23467695793088225,1.0
