task_id,mu,sigma
wildchat_8,0.0,4.287411411616586
wildchat_21,3.591023743918228,4.669510467669844
wildchat_39,5.83284120296456,1.9709477191595581
wildchat_49,-7.754480142935211,0.9930080580535675
wildchat_66,-0.455205894570518,1.5680574026226481
