task_id,mu,sigma
wildchat_8,0.0,1.0
wildchat_21,-0.4770478514409699,1.0
wildchat_39,-0.15901595048032324,1.0
wildchat_49,0.0,1.0
wildchat_66,0.3180319009606466,1.0
