task_id,mu,sigma
wildchat_8,0.0,1.0
wildchat_21,-0.2750062893320195,1.0
wildchat_39,-0.27500628933201937,1.0
wildchat_49,-0.13750314466600969,1.0
wildchat_66,0.6875157233300486,1.0
wildchat_78,-0.6875157233300484,1.0
