task_id,mu,sigma
wildchat_8,0.0,5.3038643231123395
wildchat_21,-2.0539851025250377,1.8202303037532548
wildchat_39,7.736949353126732,0.999927311181112
wildchat_49,-1.4628017509506344,1.820216529028336
wildchat_66,-2.3648601756257226,5.304209502846351
