task_id,mu,sigma
wildchat_8,0.0,1.0
wildchat_21,-0.48829933118114927,1.0
wildchat_39,0.48829933118114915,1.0
