{
  "L31": {
    "probe": {
      "best_alpha": 2154.4346900318824,
      "val_r2": 0.7938241124412414,
      "n_train": 2000
    },
    "eval": {
      "noprompt": {
        "r2": 0.8259248013908446,
        "r2_adjusted": 0.8285520470459719,
        "pearson_r": 0.910280155660393,
        "n_samples": 250
      },
      "villain": {
        "r2": -0.2966444692204866,
        "r2_adjusted": -0.01595682262758058,
        "pearson_r": 0.2871347519831606,
        "n_samples": 250
      },
      "aesthete": {
        "r2": 0.47569483006495816,
        "r2_adjusted": 0.5309681637436188,
        "pearson_r": 0.7295545631439945,
        "n_samples": 250
      },
      "midwest": {
        "r2": 0.1698626241344373,
        "r2_adjusted": 0.4549100153285982,
        "pearson_r": 0.6780013185387201,
        "n_samples": 250
      },
      "provocateur": {
        "r2": -0.32214257786518163,
        "r2_adjusted": 0.27991619453239414,
        "pearson_r": 0.5639987863921436,
        "n_samples": 250
      },
      "trickster": {
        "r2": -0.39543294383907535,
        "r2_adjusted": 0.4187520302774488,
        "pearson_r": 0.673465874198058,
        "n_samples": 250
      },
      "autocrat": {
        "r2": -0.0983618083197979,
        "r2_adjusted": 0.44576287264950176,
        "pearson_r": 0.6799391041271047,
        "n_samples": 250
      },
      "sadist": {
        "r2": -0.5480998436027917,
        "r2_adjusted": -0.4189809909830331,
        "pearson_r": -0.028418109082858953,
        "n_samples": 250
      }
    }
  },
  "L43": {
    "probe": {
      "best_alpha": 2154.4346900318824,
      "val_r2": 0.7935286725478976,
      "n_train": 2000
    },
    "eval": {
      "noprompt": {
        "r2": 0.7898586303175786,
        "r2_adjusted": 0.7906072678438637,
        "pearson_r": 0.8892231870066977,
        "n_samples": 250
      },
      "villain": {
        "r2": -0.5340789999944724,
        "r2_adjusted": 0.14033394818666844,
        "pearson_r": 0.42054997430070773,
        "n_samples": 250
      },
      "aesthete": {
        "r2": 0.45367108749543117,
        "r2_adjusted": 0.4728297270979359,
        "pearson_r": 0.7038793195805074,
        "n_samples": 250
      },
      "midwest": {
        "r2": 0.07578074234815635,
        "r2_adjusted": 0.5134587273810499,
        "pearson_r": 0.7211851378483465,
        "n_samples": 250
      },
      "provocateur": {
        "r2": -1.1666997120813893,
        "r2_adjusted": 0.3087666780881785,
        "pearson_r": 0.5824824438281403,
        "n_samples": 250
      },
      "trickster": {
        "r2": -0.8287133261278206,
        "r2_adjusted": 0.40411866167910915,
        "pearson_r": 0.6508316544680665,
        "n_samples": 250
      },
      "autocrat": {
        "r2": -0.5585685486156169,
        "r2_adjusted": 0.4994041845488286,
        "pearson_r": 0.7166049741258492,
        "n_samples": 250
      },
      "sadist": {
        "r2": -0.7709849407228855,
        "r2_adjusted": -0.25784426727422316,
        "pearson_r": 0.06211605926042892,
        "n_samples": 250
      }
    }
  },
  "L55": {
    "probe": {
      "best_alpha": 2154.4346900318824,
      "val_r2": 0.7635156913639075,
      "n_train": 2000
    },
    "eval": {
      "noprompt": {
        "r2": 0.8013297858901707,
        "r2_adjusted": 0.80216452176518,
        "pearson_r": 0.8957516699953602,
        "n_samples": 250
      },
      "villain": {
        "r2": -0.13626219628678138,
        "r2_adjusted": 0.298807949137211,
        "pearson_r": 0.5472099592150641,
        "n_samples": 250
      },
      "aesthete": {
        "r2": 0.37342956792920934,
        "r2_adjusted": 0.42178823271184596,
        "pearson_r": 0.6727714699317594,
        "n_samples": 250
      },
      "midwest": {
        "r2": 0.09895707047588809,
        "r2_adjusted": 0.45388703001438646,
        "pearson_r": 0.6823346647365318,
        "n_samples": 250
      },
      "provocateur": {
        "r2": -0.5887143038629539,
        "r2_adjusted": 0.3555057614307162,
        "pearson_r": 0.6051377308929552,
        "n_samples": 250
      },
      "trickster": {
        "r2": -0.3885193357071479,
        "r2_adjusted": 0.45490020023733246,
        "pearson_r": 0.6780520160546079,
        "n_samples": 250
      },
      "autocrat": {
        "r2": -0.043929336845691225,
        "r2_adjusted": 0.5373346764159829,
        "pearson_r": 0.7336614383142063,
        "n_samples": 250
      },
      "sadist": {
        "r2": -0.37217324541790964,
        "r2_adjusted": -0.2634364821985453,
        "pearson_r": 0.09779938253002378,
        "n_samples": 250
      }
    }
  }
}