task_id,mu,sigma
wildchat_8,0.0,0.8990211746337274
wildchat_21,-0.5482542727290136,0.9050045229095294
wildchat_39,0.3187266528488021,1.0640548334971804
wildchat_49,-0.4811406870074302,1.2779307277298244
wildchat_66,1.2377462174248262,1.0282268416165936
