task_id,mu,sigma
wildchat_8,0.0,1.0
wildchat_21,-0.4993422993374482,1.0
wildchat_39,0.9986845986748965,1.0
