task_id,mu,sigma
wildchat_8,0.0,1.0
wildchat_21,2.256758334191025,1.0
wildchat_39,-2.256758334191025,1.0
