task_id,mu,sigma
wildchat_8,0.0,1.3372132371369396
wildchat_21,5.311039894168948,0.9965098580998721
wildchat_39,-0.7650491504898785,0.800829139868364
wildchat_49,-1.7297469871360684,1.3184288307007122
wildchat_66,-1.214858220201734,2.548541210475801
