task_id,mu,sigma
wildchat_8,0.0,1.0
wildchat_21,-0.19852970623104968,1.0
wildchat_39,-1.1911782373862978,1.0
wildchat_49,-0.1985297062310496,1.0
wildchat_66,1.1911782373862978,1.0
