task_id,mu,sigma
wildchat_8,0.0,4.117648358804841
wildchat_21,-3.148569401421205,0.920075180467254
wildchat_39,-2.922106565876674,2.3426161564899393
wildchat_49,-1.344969220071427,0.8274076507407039
wildchat_66,3.568676573108327,1.8742627897182378
