task_id,mu,sigma
wildchat_8,0.0,1.0
wildchat_21,0.2898084528299304,1.0
wildchat_39,0.4347126792448956,1.0
wildchat_49,-0.2898084528299305,1.0
wildchat_66,-0.5796169056598608,1.0
