task_id,mu,sigma
wildchat_8,0.0,1.0
wildchat_21,0.0,1.0
wildchat_39,1.167735741941114e-16,1.0
wildchat_49,-1.167735741941114e-16,1.0
wildchat_66,-0.2967081060861738,1.0
