task_id,mu,sigma
wildchat_8,0.0,0.49017327158958424
wildchat_21,2.9984662456987303,1.2543788249534833
wildchat_39,1.1902382699226952,5.001789654104082
wildchat_49,1.3306466360371405,0.3628701874273774
wildchat_66,2.4381814305890925,0.8890740729819693
