task_id,mu,sigma
wildchat_8,0.0,3.3837883836146623
wildchat_21,-5.5958250074110705,0.9940923340777068
wildchat_39,0.07993907725851909,0.9292784607360162
wildchat_49,-0.18317483962904785,0.9507136482628658
wildchat_66,1.8208420235961862,3.007236987056174
