task_id,mu,sigma
wildchat_8,0.0,0.8739701073129013
wildchat_21,-0.04949734956682652,0.8928280863125071
wildchat_39,-0.8547054779933115,1.1790809819217545
wildchat_49,-0.017243725269216352,0.8739701073129013
wildchat_66,0.6956086041637645,1.2286901914542032
