task_id,mu,sigma
wildchat_8,0.0,0.8544694345268821
wildchat_21,-1.2865416676816537,2.005800006330666
wildchat_39,-0.2107847283435824,1.1530139363708438
wildchat_49,0.5198786501064295,1.4658430459485183
wildchat_66,2.7130219106713356,0.8949656166575226
