task_id,mu,sigma
wildchat_8,0.0,0.7719906245574865
wildchat_21,0.8986225089254465,0.7820855470687946
wildchat_39,-1.310100721333782,0.8285620369180565
wildchat_49,-0.8766158840955683,1.4176804366070481
wildchat_66,0.9669482227902858,1.508533335232989
