task_id,mu,sigma
wildchat_8,0.0,1.0
wildchat_21,0.9441505078705077,1.0
wildchat_39,-0.3147168359568358,1.0
wildchat_49,-0.7867920898920896,1.0
wildchat_66,1.2386115862661325e-16,1.0
