{
  "persona_similarity_matrix": [
    [
      1.0,
      0.29188534535555605,
      -0.0012591903346087898,
      0.30975204501503684,
      0.10692103652957931
    ],
    [
      0.29188534535555605,
      1.0,
      -0.2390252465031987,
      0.12551499634890206,
      0.044911824454665204
    ],
    [
      -0.0012591903346087898,
      -0.2390252465031987,
      1.0,
      -0.3865564516079087,
      -0.31004737353091966
    ],
    [
      0.30975204501503684,
      0.12551499634890206,
      -0.3865564516079087,
      1.0,
      0.2030730031488334
    ],
    [
      0.10692103652957931,
      0.044911824454665204,
      -0.31004737353091966,
      0.2030730031488334,
      1.0
    ]
  ],
  "persona_labels": [
    "Evil",
    "STEM Nerd",
    "Creative Artist",
    "Uncensored",
    "Lazy"
  ],
  "probe_cosines": {
    "evil": {
      "layer": 31,
      "cosine": -0.0220022813890223
    },
    "stem_nerd": {
      "best_layer": 43,
      "cosine": -0.0018014129693806073
    },
    "creative_artist": {
      "best_layer": 55,
      "cosine": 0.0016255698142597183
    },
    "uncensored": {
      "best_layer": 37,
      "cosine": -0.0005294201457312176
    },
    "lazy": {
      "best_layer": 43,
      "cosine": -0.0060812892129537485
    }
  }
}