task_id,mu,sigma
wildchat_8,0.0,1.0
wildchat_21,3.385137501286538,1.0
wildchat_39,-3.385137501286538,1.0
