task_id,mu,sigma
wildchat_8,0.0,1.0
wildchat_21,-0.327939020121973,1.0
wildchat_39,0.6558780402439461,1.0
wildchat_49,0.655878040243946,1.0
wildchat_66,-0.655878040243946,1.0
