task_id,mu,sigma
wildchat_8,0.0,1.9641255246977556
wildchat_21,6.033219549319029,1.3181293598676405
wildchat_39,3.81064105963669,2.8883231424990323
wildchat_49,-5.834857658004339,1.8862023513261863
wildchat_66,-2.3136621009814005,3.454055432623782
