{"scores": {"competition_math_7008": 0.9056726886571888, "wildchat_37331": 0.5672015506874301, "alpaca_6906": 0.5902745056879952, "competition_math_6668": 0.4844341802428601, "competition_math_844": 0.8875758383372444, "alpaca_1391": 0.46770192207233985, "competition_math_7055": 0.6075636396313686, "competition_math_10870": 0.6802973605895201, "wildchat_77190": 0.47484389800930893, "wildchat_37045": 0.6736304633888022, "competition_math_316": 0.6573178914459132, "wildchat_53307": 0.4742854267089327, "wildchat_78510": 0.41162235210594456, "wildchat_49508": 0.9305013648213685, "competition_math_2922": 0.5536371219849878, "wildchat_12404": 0.8351348396699433, "wildchat_16393": 0.6288126467504166, "alpaca_13739": 0.5069915019663249, "alpaca_2244": 0.7294420607755701, "alpaca_1549": 0.9587917251753538, "bailbench_81": 0.7255161889799702, "competition_math_1767": 0.4164444116073919, "alpaca_12664": 0.5893494166959152, "alpaca_6295": 0.6836035971900976, "competition_math_10797": 0.6871170145711859, "alpaca_1170": 0.762237860511459, "competition_math_9195": 0.5151674101363866, "competition_math_9311": 0.7429407371041381, "bailbench_946": 0.8132491770320132, "alpaca_4376": 0.550138070719761, "competition_math_9953": 0.575223624891517, "wildchat_61384": 0.8473344556672909, "alpaca_7699": 0.8126001599950088, "competition_math_2227": 0.6153643542754317, "alpaca_1953": 0.38249315446476606, "wildchat_21366": 0.5700325708567886, "wildchat_43319": 0.49955164017971665, "alpaca_2996": 0.7384867843950944, "alpaca_533": 0.5411454878375839, "alpaca_6087": 0.6867807875928218, "wildchat_15359": 0.6370316153967592, "wildchat_76348": 0.3640129286022391, "alpaca_5348": 0.4411885182980486, "competition_math_65": 0.6577145185987958, "alpaca_7591": 0.9080258371042069, "competition_math_3749": 0.6712327589719776, "alpaca_3947": 0.5171037320837765, "wildchat_5545": 0.6097198333322775, "competition_math_11482": 0.3412342207766488, "alpaca_13575": 0.6326722512385936, "alpaca_2521": 0.6814533241471898, "competition_math_2674": 0.751810207827578, "alpaca_11920": 0.5597628914199082, "competition_math_4425": 0.32006346539333796, "competition_math_5569": 0.6074453963968178, "wildchat_22308": 0.6898172345372118, "competition_math_10323": 1.0, "alpaca_10578": 0.6227408540114071, "bailbench_712": 0.7980680073693929, "bailbench_743": 0.8019228228238788, "competition_math_3481": 0.5014996565601979, "alpaca_6798": 0.516200720008984, "competition_math_5315": 0.8788692993179562, "bailbench_425": 0.3454800504528083, "wildchat_44338": 0.9142981315240293, "competition_math_11361": 0.6248446605902926, "alpaca_4226": 0.5591012641356523, "alpaca_1315": 0.928160544786353, "competition_math_6497": 0.5680814830871427, "wildchat_27554": 0.5122836766333179, "competition_math_2262": 0.621800781301008, "competition_math_8846": 0.6644988290727321, "bailbench_632": 0.8433192513515656, "alpaca_3685": 0.6835317001084602, "competition_math_7258": 0.6361181566789946, "bailbench_959": 0.8637826227776114, "alpaca_13972": 0.80909628053785, "alpaca_9997": 0.7474047359239138, "alpaca_4967": 0.4633643920914524, "competition_math_8996": 0.5389999083248715, "competition_math_10485": 0.5801760995831446, "competition_math_5020": 0.7604583417800878, "alpaca_10527": 0.7413980481395999, "competition_math_8609": 0.877505556747621, "alpaca_7799": 0.6071024175163771, "wildchat_40307": 0.9104684381272135, "alpaca_6248": 0.44800877982212806, "alpaca_10067": 0.7741741972393688, "competition_math_5848": 0.32566359878019646, "alpaca_3855": 0.6486131072717372, "wildchat_36390": 0.2094918027809296, "alpaca_779": 0.5149898305131304, "competition_math_5829": 0.6252761431791299, "competition_math_8120": 0.4491754813323974, "competition_math_5165": 0.6387342352064271, "alpaca_8128": 0.9081373754095777, "alpaca_6057": 0.6093668100646703, "competition_math_9281": 0.7743783426327518, "bailbench_687": 0.7960190396180014, "bailbench_539": 0.8857951808265367, "alpaca_11601": 0.7637754122829956, "alpaca_9426": 0.530326250992379, "wildchat_29426": 0.7891074947621853, "competition_math_10378": 0.3010446062963701, "wildchat_29390": 0.903763744211672, "competition_math_5382": 0.6307416018441638, "alpaca_11458": 0.5601054217067128, "alpaca_7398": 0.6634812748820008, "alpaca_7946": 0.8061468952185784, "wildchat_33101": 0.782372677280221, "wildchat_49572": 0.7613371339578008, "competition_math_5685": 0.8887743526059662, "competition_math_9029": 0.45848472090245607, "alpaca_9292": 0.5165665259871666, "wildchat_53599": 0.5777316240093082, "competition_math_3146": 0.5880360874725908, "alpaca_12847": 0.5625641871882598, "competition_math_2138": 0.5239471156180031, "wildchat_13444": 0.7582640107862506, "alpaca_8755": 0.7689240018333237, "competition_math_8857": 0.5868850697830476, "competition_math_909": 0.6379128862531027, "wildchat_47422": 0.7761137990157495, "competition_math_1462": 0.840120390457651, "competition_math_1751": 0.9131315560518992, "alpaca_2686": 0.5870067364088911, "competition_math_6758": 0.4737412880954581, "alpaca_7019": 0.6317590841697296, "alpaca_10060": 0.6629814232134578, "alpaca_657": 0.6223288050690596, "competition_math_10060": 0.6558575663641714, "competition_math_712": 0.5877648095154395, "wildchat_68560": 0.7074205590643547, "wildchat_43093": 0.8096518134090858, "wildchat_26539": 0.4255970954630961, "competition_math_8462": 0.8030185595919559, "bailbench_1523": 0.5738215490557461, "alpaca_3948": 0.4372085904620644, "competition_math_422": 0.7213568262298427, "alpaca_3654": 0.6382000562308981, "competition_math_8626": 0.8910979749531847, "alpaca_9378": 0.5849036074366744, "competition_math_2258": 0.6683374887555673, "competition_math_8428": 0.7552124138125458, "competition_math_4962": 0.6674657774174733, "competition_math_5364": 0.5891490563959498, "competition_math_3978": 0.751794043668072, "competition_math_4585": 0.7041564150275791, "wildchat_51355": 0.7311747313384609, "wildchat_35208": 0.8292901604443541, "wildchat_42627": 0.6522738447134739, "competition_math_1920": 0.6628808043969214, "alpaca_13230": 0.6463377387132414, "wildchat_5122": 0.8126055932649726, "wildchat_43562": 0.5672123343712419, "wildchat_55681": 0.8404772645860937, "competition_math_8444": 0.6906025172023946, "alpaca_12770": 0.6282150112335372, "competition_math_11049": 0.7101533857446387, "competition_math_11918": 0.8173463418676097, "competition_math_7486": 0.82617711579194, "alpaca_3325": 0.5140152151248949, "competition_math_1417": 0.6245299242483704, "wildchat_24582": 0.5968046999858101, "wildchat_8683": 0.6686396845114174, "wildchat_52633": 0.7450423099676526, "wildchat_63606": 0.5739870610096516, "competition_math_12360": 0.0, "alpaca_1178": 0.43794249720217404, "competition_math_6819": 0.6046720057668069, "competition_math_1373": 0.799115145814506, "alpaca_8640": 0.6869570049353233, "alpaca_13349": 0.5228943189756108, "competition_math_1253": 0.5782274495951091, "competition_math_6096": 0.7628792530919998, "wildchat_42257": 0.8228119952281779, "wildchat_34556": 0.8035883328407418, "alpaca_7066": 0.5239684447575856, "competition_math_5701": 0.7462566520583951, "alpaca_7873": 0.4236524327713498, "wildchat_19573": 0.9468257548620312, "competition_math_272": 0.44298950164662443, "wildchat_10107": 0.8746088448312319, "competition_math_4232": 0.38805711885400396, "alpaca_1556": 0.7943938562133472, "wildchat_22653": 0.71218927495233, "competition_math_3716": 0.8174683693464394, "bailbench_1530": 0.5845681779157075, "alpaca_7683": 0.3721355318742421, "alpaca_1399": 0.6713725111917015, "competition_math_5885": 0.7468084928803642, "wildchat_31069": 0.7394238928881878, "alpaca_2325": 0.7149959321306525, "wildchat_11393": 0.948202001736001, "wildchat_59074": 0.5178038800456664}, "percentiles": {"5": 0.3863879295372326, "10": 0.44847546042623576, "15": 0.5020488411008106, "20": 0.5218762311896219, "25": 0.5599341565633105, "30": 0.5778307891264683, "35": 0.5893293806659187, "40": 0.6192262104907775, "45": 0.6320330342903888, "50": 0.6558575663641714,