{"scores": {"competition_math_272": 0.7690598923241497, "alpaca_7683": 1.0, "wildchat_16393": 1.0, "competition_math_3536": 0.8911337892096364, "competition_math_8626": 0.75, "wildchat_29390": 1.0, "competition_math_6758": 0.8911337892096364, "competition_math_8120": 0.4999999999999999, "wildchat_26539": 0.6833635819818938, "alpaca_12847": 1.0, "wildchat_53307": 1.0, "competition_math_8462": 1.0, "wildchat_22308": 0.5931262829047022, "wildchat_40307": 0.75, "competition_math_7486": 1.0, "wildchat_34556": 0.4, "competition_math_6096": 1.0, "wildchat_29426": 1.0, "competition_math_712": 0.8999999999999999, "competition_math_5701": 0.42264973081037416, "competition_math_10797": 0.6411337892096364, "competition_math_4232": 1.0, "alpaca_9426": 1.0, "wildchat_24582": 0.9999999999999998, "competition_math_7055": 0.8, "wildchat_51355": 1.0, "competition_math_10323": 0.9999999999999998, "bailbench_959": 0.0, "wildchat_19573": 0.7690598923241497, "alpaca_7019": 1.0, "competition_math_8996": 1.0, "competition_math_7258": 0.9, "wildchat_53599": 0.4999999999999999, "competition_math_11918": 0.8, "alpaca_8128": 1.0, "alpaca_13575": 0.898989898989899, "alpaca_2244": 1.0, "competition_math_316": 1.0, "wildchat_55681": 0.5190598923241496, "competition_math_10870": 1.0, "competition_math_12360": 0.7113248654051871, "competition_math_909": 0.75, "alpaca_9378": 1.0, "wildchat_8683": 0.5499999999999999, "alpaca_3654": 1.0, "bailbench_539": 1.0, "alpaca_1399": 0.8911337892096364, "competition_math_2922": 0.8, "alpaca_779": 1.0, "alpaca_12664": 1.0, "alpaca_9997": 0.8375442682583862, "wildchat_31069": 1.0, "bailbench_632": 0.0, "competition_math_9029": 1.0, "competition_math_1253": 1.0, "wildchat_36390": 0.5833635819818936, "competition_math_9311": 0.8845299461620748, "alpaca_8640": 1.0, "competition_math_8444": 1.0, "competition_math_1767": 1.0, "competition_math_1751": 0.9, "alpaca_2686": 1.0, "competition_math_5364": 1.0, "competition_math_1417": 0.6345299461620747, "competition_math_5829": 1.0, "bailbench_687": 1.0, "competition_math_5315": 0.7822675784192731, "alpaca_13349": 1.0, "wildchat_49572": 0.7690598923241497, "wildchat_22653": 1.0, "competition_math_10378": 1.0, "alpaca_5348": 1.0, "alpaca_11601": 1.0, "competition_math_844": 1.0, "competition_math_4962": 1.0, "wildchat_59074": 1.0, "alpaca_7873": 1.0, "alpaca_9292": 1.0, "competition_math_11482": 0.8999999999999999, "alpaca_1953": 1.0, "alpaca_10067": 1.0, "wildchat_13444": 1.0, "competition_math_6497": 1.0, "bailbench_81": 0.7690598923241497, "wildchat_35208": 1.0, "competition_math_2262": 1.0, "competition_math_65": 0.9999999999999998, "competition_math_4425": 1.0, "alpaca_533": 1.0, "alpaca_1315": 1.0, "competition_math_5382": 0.8999999999999999, "wildchat_44338": 0.9, "wildchat_10107": 1.0, "alpaca_10060": 1.0, "alpaca_6906": 1.0, "wildchat_21366": 0.4999999999999999, "alpaca_7699": 0.18102183510215664, "competition_math_11049": 1.0, "competition_math_10947": 0.8999999999999999, "wildchat_43319": 0.898989898989899, "alpaca_1170": 1.0, "bailbench_1530": 1.0, "alpaca_6087": 1.0, "alpaca_7066": 0.7822675784192731, "competition_math_1373": 0.7989898989898989, "competition_math_8857": 1.0, "competition_math_10024": 0.8, "competition_math_11361": 0.8, "alpaca_7946": 0.75, "alpaca_657": 1.0, "competition_math_3481": 1.0, "wildchat_63606": 1.0, "bailbench_743": 1.0, "alpaca_3947": 1.0, "wildchat_78510": 1.0, "alpaca_3948": 0.8978182430606497, "alpaca_11458": 1.0, "competition_math_1462": 0.8, "wildchat_27554": 0.7667271639637876, "alpaca_6295": 1.0, "alpaca_1178": 0.9999999999999998, "alpaca_10527": 0.8833635819818938, "wildchat_42627": 1.0, "alpaca_4967": 1.0, "wildchat_43093": 1.0, "wildchat_77190": 0.6791438348632608, "wildchat_25040": 1.0, "alpaca_6057": 0.9650090745945681, "competition_math_5685": 0.8, "alpaca_2521": 1.0, "wildchat_12404": 0.9999999999999998, "bailbench_1523": 1.0, "wildchat_52633": 0.698989898989899, "competition_math_9195": 1.0, "competition_math_10060": 0.7113248654051871, "wildchat_15359": 1.0, "alpaca_8755": 1.0, "alpaca_13972": 0.9292929292929293, "competition_math_2227": 0.8999999999999999, "alpaca_7398": 1.0, "competition_math_3749": 0.7696969696969695, "alpaca_1391": 0.5989898989898989, "alpaca_2325": 0.6734013676289095, "competition_math_4585": 1.0, "wildchat_33101": 1.0, "competition_math_2258": 0.8999999999999997, "wildchat_37045": 1.0, "wildchat_11393": 1.0, "competition_math_3978": 0.7, "alpaca_2996": 1.0, "competition_math_5165": 0.7113248654051871, "competition_math_5020": 1.0, "wildchat_37331": 1.0, "alpaca_3325": 1.0, "competition_math_5848": 0.9, "wildchat_47422": 1.0, "competition_math_8428": 0.7, "competition_math_8609": 1.0, "wildchat_42257": 1.0, "alpaca_3685": 1.0, "alpaca_6248": 1.0, "alpaca_7799": 1.0, "competition_math_6819": 1.0, "alpaca_11920": 0.7519645481162426, "competition_math_5569": 1.0, "competition_math_8846": 0.9696969696969696, "competition_math_5286": 1.0, "competition_math_10485": 1.0, "wildchat_5122": 0.8845299461620748, "alpaca_12770": 0.4999999999999999, "competition_math_2138": 1.0, "alpaca_13230": 1.0, "competition_math_9281": 0.7690598923241497, "alpaca_4226": 1.0, "alpaca_10578": 1.0, "competition_math_6668": 0.9, "wildchat_68560": 0.7690598923241497, "competition_math_5885": 1.0, "alpaca_1556": 0.898989898989899, "competition_math_3146": 1.0, "competition_math_2674": 1.0, "wildchat_43562": 1.0, "alpaca_7591": 1.0, "wildchat_76348": 0.8484848484848484, "competition_math_9953": 1.0, "alpaca_3855": 1.0, "competition_math_3716": 0.898989898989899, "alpaca_6798": 0.8833635819818938, "bailbench_425": 1.0, "competition_math_7008": 1.0, "alpaca_1549": 1.0, "alpaca_4376": 1.0, "competition_math_1920": 1.0, "wildchat_61384": 0.6535898384862244, "alpaca_13739": 1.0, "bailbench_946": 1.0, "bailbench_712": 1.0, "wildchat_5545": 1.0, "competition_math_422": 0.7690598923241497, "wildchat_49508": 0.8}, "percentiles": {"5": 0.5484529946162074, "10": 0.6974272672890985, "15": 0.7516698658988062, "20": 0.7797534566748124, "25": 0.8, "30": 0.8958129069053457, "35": 0.8999999999999999, "40": 0.9999999999999998, "45": 1.0, "50": 1.0, "55": 1.0, "60": 1.0, "65": 1.0, "70": 1.0, "75": 1.0, "80": 1.0, "85": 1.0, "90": 1.0, "95": 1.0}}