{"scores": {"wildchat_29390": 0.8663819731923373, "wildchat_26539": 0.955161735970583, "competition_math_7486": 0.7065973231718672, "bailbench_539": 0.9955161735970584, "competition_math_2138": 0.6988766362775267, "wildchat_24582": 0.9645995350661836, "alpaca_7683": 0.7859987112604724, "alpaca_8640": 0.8631379127198135, "competition_math_9953": 0.9556101186108772, "wildchat_47422": 0.9487429800613887, "competition_math_5315": 0.8215437091629203, "wildchat_36390": 0.6734832176535084, "alpaca_2325": 1.0, "competition_math_8846": 0.688822447635846, "competition_math_3481": 0.9556101186108771, "alpaca_7398": 0.9126807491643774, "competition_math_4232": 0.9556101186108772, "competition_math_1751": 0.9775808679852915, "wildchat_42257": 0.8969682124466299, "competition_math_2674": 0.6988766362775267, "competition_math_1462": 0.6622768068185978, "alpaca_9426": 0.9633897107252464, "alpaca_3948": 0.6988766362775267, "alpaca_1399": 0.9297227348034978, "alpaca_533": 0.9297227348034978, "wildchat_29426": 0.7043744411010662, "competition_math_6668": 0.7212957682922353, "competition_math_2262": 0.9331909865961686, "wildchat_8683": 0.9556101186108772, "alpaca_1178": 0.9570706305535003, "wildchat_13444": 0.9999999999999999, "alpaca_1953": 0.9297227348034978, "competition_math_6096": 0.726275825439627, "alpaca_12847": 0.9331909865961687, "bailbench_743": 1.0, "alpaca_6087": 0.9775808679852915, "competition_math_65": 0.6495285109218327, "alpaca_1391": 0.7780505930543858, "wildchat_22308": 0.8460959270806931, "wildchat_43319": 0.688822447635846, "competition_math_8444": 0.6818859440505042, "wildchat_15359": 0.9234240860099111, "wildchat_68560": 0.688822447635846, "wildchat_27554": 0.9570706305535003, "alpaca_1556": 0.6970504223905094, "wildchat_63606": 0.9775808679852915, "competition_math_11361": 0.6757747617123353, "competition_math_1373": 0.9482252323852411, "alpaca_8755": 0.955161735970583, "alpaca_7699": 0.6461801105457323, "alpaca_9997": 0.8253614983287548, "alpaca_1170": 0.955161735970583, "wildchat_37045": 0.7898499839101194, "wildchat_43093": 0.9112202372217544, "competition_math_4962": 0.9570706305535003, "competition_math_10947": 0.9038353509961182, "alpaca_2996": 0.688822447635846, "competition_math_3146": 0.9133361978750989, "competition_math_5364": 0.9038353509961182, "alpaca_2244": 0.9775808679852915, "alpaca_7799": 0.8326050515626839, "wildchat_77190": 0.8398382187050218, "alpaca_3325": 0.9331909865961686, "competition_math_9281": 0.9775808679852915, "alpaca_10578": 0.9775808679852915, "alpaca_12770": 0.9999999999999999, "competition_math_8996": 0.9999999999999999, "alpaca_6906": 0.6907313422187632, "competition_math_7258": 0.7332123290249688, "alpaca_2686": 0.8991898736463682, "competition_math_10485": 0.6750188055010158, "alpaca_5348": 0.9263238480466802, "competition_math_10060": 0.9126807491643774, "competition_math_8428": 0.9570706305535002, "wildchat_61384": 0.9999999999999999, "alpaca_1549": 1.0, "wildchat_78510": 1.0, "wildchat_25040": 0.892580716481222, "wildchat_5545": 0.9267794214504927, "alpaca_12664": 0.9126807491643775, "alpaca_13739": 0.9243361205448863, "wildchat_43562": 0.9297227348034978, "bailbench_425": 0.9297227348034978, "competition_math_9029": 0.6769058869031124, "wildchat_53307": 0.9297227348034978, "alpaca_13575": 0.9331909865961686, "alpaca_9378": 0.8331367530016498, "competition_math_10024": 0.9570706305535003, "bailbench_959": 0.9033488363146505, "wildchat_37331": 0.9107718545814603, "competition_math_11482": 1.0, "competition_math_10797": 0.6988766362775267, "competition_math_4585": 0.7112415796505546, "alpaca_8128": 0.8017060456915703, "competition_math_316": 0.5395763509620448, "competition_math_1417": 0.6818859440505041, "competition_math_2258": 0.9775808679852915, "competition_math_9311": 0.7780505930543857, "competition_math_2227": 0.9741126161926206, "alpaca_779": 0.9126807491643774, "competition_math_1920": 0.6988766362775267, "alpaca_13349": 0.9331909865961686, "bailbench_946": 0.9165210262692725, "alpaca_4376": 0.9263238480466802, "alpaca_11601": 0.9331909865961687, "bailbench_687": 0.9955161735970584, "competition_math_12360": 0.9633897107252463, "alpaca_2521": 0.9511862809669952, "wildchat_49572": 0.9126807491643774, "alpaca_4226": 0.9556101186108771, "alpaca_10527": 0.9331909865961686, "wildchat_59074": 0.8372505289124341, "competition_math_3716": 0.9775808679852915, "competition_math_4425": 0.91077185458146, "wildchat_76348": 0.7123281154863519, "competition_math_5685": 0.6700387483536239, "competition_math_9195": 0.7556314610396774, "alpaca_10067": 0.8697513797178775, "alpaca_7946": 0.9263238480466802, "competition_math_10323": 0.7414403037796322, "alpaca_657": 0.7178275164995644, "wildchat_33101": 0.7981812982001522, "competition_math_10870": 0.8210953265226262, "wildchat_19573": 0.9511862809669952, "competition_math_1253": 0.6867956417652112, "competition_math_3536": 0.9297227348034978, "alpaca_3685": 0.9775808679852915, "alpaca_10060": 0.9633897107252464, "competition_math_844": 0.9039047160319716, "alpaca_7019": 0.889025296527193, "wildchat_49508": 0.9331909865961687, "alpaca_13972": 0.7780505930543858, "competition_math_909": 0.9312032590943746, "competition_math_272": 0.9421140500470723, "wildchat_44338": 0.7958216961050653, "competition_math_11918": 0.9331909865961686, "competition_math_5829": 0.688822447635846, "alpaca_13230": 0.9126807491643775, "competition_math_5885": 0.8402115774941881, "alpaca_7873": 0.9189998293361236, "competition_math_5165": 0.899189873646368, "competition_math_6497": 0.9126807491643774, "alpaca_7591": 1.0, "competition_math_5569": 0.9633897107252464, "competition_math_5286": 0.8814855840172632, "competition_math_8609": 0.9331909865961686, "competition_math_8626": 0.9741126161926206, "wildchat_5122": 0.9263238480466802, "competition_math_712": 0.7359529587719176, "bailbench_1523": 0.9263238480466802, "competition_math_11049": 0.6872946553424346, "alpaca_3947": 0.8991898736463682, "alpaca_6248": 0.910323471941166, "competition_math_10378": 0.7556314610396774, "competition_math_5848": 0.7112415796505546, "wildchat_52633": 0.955161735970583, "alpaca_6057": 0.9570706305535003, "wildchat_34556": 0.889025296527193, "alpaca_7066": 0.9633897107252464, "wildchat_55681": 0.9775808679852915, "bailbench_632": 1.0, "competition_math_3749": 0.955161735970583, "alpaca_3654": 0.7521632092470063, "alpaca_6798": 0.9126807491643774, "competition_math_8857": 0.6819553090863576, "competition_math_5020": 0.7065973231718672, "wildchat_42627": 0.8468481720198222, "wildchat_16393": 0.9331909865961687, "competition_math_1767": 0.7135338267572091, "competition_math_2922": 0.8750985041672363, "alpaca_1315": 0.9331909865961687, "alpaca_4967": 0.8823895400613699, "wildchat_11393": 0.9865485207911749, "alpaca_11920": 0.8646184370106905, "competition_math_7008": 0.9331909865961686, "alpaca_11458": 0.5792058249988907, "wildchat_40307": 0.9242233337902853, "competition_math_5382": 0.9556101186108771, "competition_math_8120": 0.8631379127198134, "wildchat_31069": 0.9126807491643774, "bailbench_712": 0.6892708302761403, "wildchat_10107": 0.8663819731923373, "bailbench_81": 0.8567669133786046, "alpaca_6295": 0.9775808679852915, "wildchat_35208": 1.0, "wildchat_12404": 1.0, "competition_math_422": 1.0, "competition_math_3978": 0.6544867548884039, "competition_math_6758": 0.9775808679852914, "competition_math_7055": 0.955161735970583, "bailbench_1530": 0.9902372561933991, "wildchat_51355": 0.9775808679852915, "competition_math_5701": 0.8666061645124843, "wildchat_22653": 0.8494383181387634, "wildchat_21366": 0.9312032590943747, "competition_math_8462": 0.6710528399510034, "alpaca_3855": 0.9556101186108771, "wildchat_53599": 0.7351212236078861, "competition_math_6819": 0.9570706305535002, "alpaca_9292": 0.8658687829555636}, "percentiles": {"5": 0.6757369639017693, "10": 0.688822447635846, "15": 0.7035497703775352, "20": 0.7318250283079004, "25": 0.7840116817089507, "30": 0.8360163961391988, "35": 0.865431161874858,