task_id,mu,sigma
wildchat_8,0.0,2.6918337312809086
wildchat_21,2.943591230665493,5.199583781537308
wildchat_39,-0.5383157985240317,1.273086157200555
wildchat_49,0.21180336192901436,3.7570528832030115
wildchat_66,-7.606142140121156,0.9896391932211598
