task_id,mu,sigma
wildchat_8,0.0,2.814736444790217
wildchat_21,0.04909627498828033,2.3041959504111724
wildchat_39,0.17207621369534837,1.367859793094802
wildchat_49,-0.030120800812731868,1.9055906348027738
wildchat_66,-8.13330028022149,0.9999699867402104
wildchat_78,1.1534460373761088,3.1842154030961582
