task_id,mu,sigma
wildchat_8,0.0,2.252588249869374
wildchat_21,1.7542654767150285,2.36652524044796
wildchat_39,-3.8065565707969653,0.9508921967053913
