task_id,mu,sigma
wildchat_8,0.0,1.004291965274682
wildchat_21,0.8682178974236139,1.100212124338284
wildchat_39,1.025156111294012,0.8752504522066749
wildchat_49,0.29652231486568553,0.9968528775279242
wildchat_66,-0.5377224858969494,1.0776356976701473
