task_id,mu,sigma
wildchat_8,0.0,7.38905609893065
wildchat_21,5.189821718953253,0.7253063690477347
wildchat_39,1.4100706716545088,0.13981675011847727
wildchat_49,0.2686538873574393,0.3953275054393466
wildchat_66,0.16563659795952396,0.6838044511455629
