task_id,mu,sigma
wildchat_8,0.0,1.5947136197834733
wildchat_21,-1.231642987590135,1.6532167797434858
wildchat_39,2.5126065558888517,0.926320638082162
