task_id,mu,sigma
wildchat_8,0.0,0.8107716026283116
wildchat_21,-0.5349807503186782,1.7811278272578537
wildchat_39,-0.3331267301447015,0.9385039268306922
wildchat_49,-2.283186688689001,0.46296075086933386
wildchat_66,-2.0657687577124717,1.5021113075132075
