task_id,mu,sigma
wildchat_8,0.0,0.1353352832366127
wildchat_21,-0.15162782952495446,7.38905609893065
wildchat_39,2.408544425743605,1.1085177159725679
wildchat_49,-1.1063323562606855,0.1353352832366127
wildchat_66,-3.9548170649450594,0.35485875737566674
