task_id,mu,sigma
wildchat_8,0.0,0.7507214833090033
wildchat_21,0.982010105880559,1.3537136241666512
wildchat_39,-0.30941511792092047,0.9186839666050426
wildchat_49,-1.0492976805773626,1.039479153748695
wildchat_66,0.20411437246529526,0.9489202115411524
wildchat_78,-1.2513269953182338,1.1723363096654145
