task_id,mu,sigma
wildchat_8,0.0,1.047571699799974
wildchat_21,1.6285249446740522,1.0927544472390207
wildchat_39,-1.2054397854446641,0.9761173332109787
wildchat_49,-0.5520931328393778,1.195040077452609
wildchat_66,-1.4599787040862753,1.010503503959183
