task_id,mu,sigma
wildchat_8,0.0,0.44416818497501837
wildchat_21,0.05743971325932096,4.312058584426333
wildchat_39,1.4942056087041315,0.8801481039377503
wildchat_49,-1.7163939897240414,1.4959200569637976
wildchat_66,-1.9955711219258825,0.5946798220691849
