task_id,mu,sigma
wildchat_8,0.0,1.4888246408440773
wildchat_21,-2.6413459611677172,0.9204778174166546
wildchat_39,0.5286441004524998,1.4972214071994614
