task_id,mu,sigma
wildchat_8,0.0,1.0
wildchat_21,-0.24145174627893437,1.0
wildchat_39,0.0,1.0
wildchat_49,-0.9658069851157376,1.0
wildchat_66,0.9658069851157375,1.0
