{
  "coefficients": [
    -5.0,
    -3.0,
    0.0,
    3.0,
    5.0
  ],
  "means": [
    0.8029522828698936,
    0.7734128376008418,
    0.6646406864497676,
    0.44020926756352763,
    0.125948406676783
  ],
  "stds": [
    0.5960433133875644,
    0.6339026602201744,
    0.7471631400943047,
    0.8978952058849533,
    0.9920367930956895
  ],
  "sems": [
    0.011043521422453045,
    0.011872002125002142,
    0.014127626524564688,
    0.017357317122176866,
    0.019322133428623454
  ],
  "cohens_d": -0.8272756759056066,
  "t_statistic": -31.13562340349777,
  "p_value_ttest": 2.710584254490198e-196,
  "regression_slope": -0.06390136085534859,
  "regression_intercept": 0.5615907446670716,
  "regression_r2": 0.08211038367218305,
  "regression_p_value": 2.025554522346299e-260,
  "n_per_condition": [
    2913,
    2851,
    2797,
    2676,
    2636
  ]
}