{
  "topic_means": {
    "no_prompt": {
      "harmful_request": -7.940889543420067,
      "knowledge_qa": 1.8947117572528773,
      "security_legal": -4.903410926777635,
      "content_generation": 2.001160356023207,
      "model_manipulation": -5.963524872005218,
      "fiction": 4.092944186364136
    },
    "villain": {
      "harmful_request": -7.908626447010854,
      "knowledge_qa": 2.222800946658642,
      "security_legal": -5.541722044278899,
      "content_generation": 5.870616271435616,
      "model_manipulation": -5.338223957254663,
      "fiction": 4.892047063992654
    },
    "midwest": {
      "harmful_request": -7.931275349642533,
      "knowledge_qa": 0.8144422526698915,
      "security_legal": -6.414476784659492,
      "content_generation": 2.26532435472793,
      "model_manipulation": -6.014964972410203,
      "fiction": 2.256523877109957
    },
    "aesthete": {
      "harmful_request": -7.872494911306423,
      "knowledge_qa": 1.8828581707451484,
      "security_legal": -5.8246234202432055,
      "content_generation": -0.17560192049754272,
      "model_manipulation": -4.442402984031638,
      "fiction": 2.7946269158768957
    }
  },
  "topic_deltas": {
    "villain": {
      "content_generation": 3.8694559154124093,
      "fiction": 0.7991028776285178,
      "harmful_request": 0.032263096409212544,
      "knowledge_qa": 0.3280891894057647,
      "model_manipulation": 0.6253009147505546,
      "security_legal": -0.6383111175012637
    },
    "midwest": {
      "content_generation": 0.26416399870472285,
      "fiction": -1.8364203092541787,
      "harmful_request": 0.009614193777533586,
      "knowledge_qa": -1.080269504582986,
      "model_manipulation": -0.051440100404985145,
      "security_legal": -1.5110658578818565
    },
    "aesthete": {
      "content_generation": -2.1767622765207495,
      "fiction": -1.29831727048724,
      "harmful_request": 0.06839463211364372,
      "knowledge_qa": -0.011853586507728942,
      "model_manipulation": 1.52112188797358,
      "security_legal": -0.9212124934655703
    }
  },
  "validation": {
    "villain": {
      "hits_higher": 1,
      "hits_lower": 0,
      "total_hits": 1,
      "total_expected": 5,
      "passes": false,
      "details_higher": [
        [
          "harmful_request",
          0.032263096409212544,
          false
        ],
        [
          "model_manipulation",
          0.6253009147505546,
          true
        ],
        [
          "security_legal",
          -0.6383111175012637,
          false
        ]
      ],
      "details_lower": [
        [
          "fiction",
          0.7991028776285178,
          false
        ],
        [
          "content_generation",
          3.8694559154124093,
          false
        ]
      ]
    },
    "midwest": {
      "hits_higher": 0,
      "hits_lower": 1,
      "total_hits": 1,
      "total_expected": 2,
      "passes": true,
      "details_higher": [
        [
          "knowledge_qa",
          -1.080269504582986,
          false
        ]
      ],
      "details_lower": [
        [
          "fiction",
          -1.8364203092541787,
          true
        ]
      ]
    },
    "aesthete": {
      "hits_higher": 0,
      "hits_lower": 0,
      "total_hits": 0,
      "total_expected": 3,
      "passes": false,
      "details_higher": [
        [
          "fiction",
          -1.29831727048724,
          false
        ],
        [
          "content_generation",
          -2.1767622765207495,
          false
        ]
      ],
      "details_lower": [
        [
          "knowledge_qa",
          -0.011853586507728942,
          false
        ]
      ]
    }
  }
}