task_id,mu,sigma
wildchat_8,0.0,0.8147706801080786
wildchat_21,0.24118368232213025,0.8805839634298626
wildchat_39,0.6828460207787626,0.7733247742431548
wildchat_49,-1.4093409565719224,1.1091454866997066
wildchat_66,-0.5089906211772561,0.9730263749318687
wildchat_78,1.3560528688683984,1.2148979547529093
