task_id,mu,sigma
wildchat_8,0.0,0.9474347667699228
wildchat_21,0.6765467083510344,1.1389240551215014
wildchat_39,1.4282943344508807,1.06801457368716
wildchat_49,-1.9026068279646011,0.9963668971463949
wildchat_66,-0.28976745236365803,1.4046908714653752
