task_id,mu,sigma
wildchat_8,0.0,1.0
wildchat_21,0.7580422849993751,1.0
wildchat_39,-0.37902114249968755,1.0
wildchat_49,0.37902114249968755,1.0
wildchat_66,-0.18951057124984377,1.0
