task_id,mu,sigma
wildchat_8,0.0,1.0
wildchat_21,0.0,1.0
wildchat_39,1.401278296992071,1.0
wildchat_49,-0.4003652277120203,1.0
wildchat_66,-1.0009130692800505,1.0
