{
  "direction_asymmetry": {
    "probe": {
      "task_preference_alignment": {
        "mean": 0.275,
        "sign_test_p": 0.4239501953125,
        "n_pos": 9,
        "n_neg": 5,
        "n_zero": 6,
        "per_prompt": [
          1.0,
          -1.0,
          -1.0,
          0.0,
          1.0,
          0.0,
          1.0,
          0.0,
          2.0,
          -1.0,
          2.0,
          0.0,
          -2.0,
          2.0,
          0.0,
          0.0,
          -2.0,
          1.5,
          0.5,
          1.5
        ]
      },
      "breadth_of_interests": {
        "mean": 0.4,
        "sign_test_p": 0.30175781249999994,
        "n_pos": 10,
        "n_neg": 5,
        "n_zero": 5,
        "per_prompt": [
          1.0,
          0.5,
          -0.5,
          0.0,
          0.5,
          0.0,
          1.0,
          1.5,
          0.0,
          1.0,
          1.0,
          -0.5,
          -1.0,
          1.0,
          -0.5,
          2.0,
          1.5,
          0.0,
          0.0,
          -0.5
        ]
      },
      "approach_to_difficulty": {
        "mean": 0.3,
        "sign_test_p": 1.0,
        "n_pos": 8,
        "n_neg": 7,
        "n_zero": 5,
        "per_prompt": [
          1.0,
          -0.5,
          -1.0,
          -0.5,
          1.0,
          0.0,
          1.0,
          0.0,
          2.0,
          -0.5,
          2.0,
          0.0,
          -2.0,
          2.0,
          0.0,
          -0.5,
          -0.5,
          0.5,
          0.0,
          2.0
        ]
      }
    },
    "random_200": {
      "task_preference_alignment": {
        "mean": 0.175,
        "sign_test_p": 0.7744140625,
        "n_pos": 7,
        "n_neg": 5,
        "n_zero": 8,
        "per_prompt": [
          1.5,
          0.5,
          1.0,
          0.0,
          0.0,
          0.0,
          0.0,
          1.0,
          -1.5,
          -1.0,
          -0.5,
          0.5,
          3.0,
          0.0,
          0.0,
          0.0,
          -0.5,
          0.0,
          -1.0,
          0.5
        ]
      },
      "breadth_of_interests": {
        "mean": 0.1,
        "sign_test_p": 0.7744140625,
        "n_pos": 7,
        "n_neg": 5,
        "n_zero": 8,
        "per_prompt": [
          0.5,
          0.0,
          0.5,
          0.0,
          -0.5,
          1.0,
          0.5,
          0.0,
          -1.5,
          -0.5,
          0.0,
          1.5,
          0.0,
          1.0,
          0.0,
          -1.0,
          -0.5,
          0.0,
          0.0,
          1.0
        ]
      },
      "approach_to_difficulty": {
        "mean": 0.225,
        "sign_test_p": 0.75390625,
        "n_pos": 6,
        "n_neg": 4,
        "n_zero": 10,
        "per_prompt": [
          1.5,
          0.5,
          1.0,
          0.0,
          0.0,
          0.0,
          0.0,
          1.5,
          -1.0,
          -1.0,
          -0.5,
          0.5,
          2.5,
          0.0,
          0.0,
          0.0,
          -0.5,
          0.0,
          0.0,
          0.0
        ]
      }
    },
    "random_201": {
      "task_preference_alignment": {
        "mean": 0.05,
        "sign_test_p": 0.7744140625,
        "n_pos": 5,
        "n_neg": 7,
        "n_zero": 8,
        "per_prompt": [
          -1.0,
          0.0,
          0.0,
          0.0,
          -0.5,
          0.0,
          1.0,
          -1.0,
          2.5,
          1.0,
          -1.0,
          -0.5,
          1.0,
          0.0,
          -1.0,
          1.5,
          0.0,
          -1.0,
          0.0,
          0.0
        ]
      },
      "breadth_of_interests": {
        "mean": 0.05,
        "sign_test_p": 1.0,
        "n_pos": 7,
        "n_neg": 7,
        "n_zero": 6,
        "per_prompt": [
          0.5,
          0.5,
          0.0,
          0.0,
          0.5,
          -0.5,
          -0.5,
          -1.5,
          2.0,
          -0.5,
          0.0,
          0.0,
          -0.5,
          1.0,
          0.0,
          1.0,
          -1.0,
          0.0,
          1.0,
          -1.0
        ]
      },
      "approach_to_difficulty": {
        "mean": 0.175,
        "sign_test_p": 1.0,
        "n_pos": 6,
        "n_neg": 5,
        "n_zero": 9,
        "per_prompt": [
          -1.0,
          0.0,
          0.0,
          0.0,
          0.0,
          0.0,
          1.0,
          -1.0,
          2.0,
          1.0,
          -1.0,
          -0.5,
          1.0,
          0.0,
          -0.5,
          2.0,
          0.0,
          0.5,
          0.0,
          0.0
        ]
      }
    },
    "random_202": {
      "task_preference_alignment": {
        "mean": -0.5,
        "sign_test_p": 0.11846923828124999,
        "n_pos": 4,
        "n_neg": 11,
        "n_zero": 5,
        "per_prompt": [
          -2.0,
          -1.5,
          1.0,
          0.0,
          -1.0,
          -1.0,
          1.0,
          -1.0,
          2.5,
          0.0,
          0.0,
          -2.0,
          0.5,
          -2.5,
          0.0,
          -1.5,
          -1.0,
          -1.0,
          0.0,
          -0.5
        ]
      },
      "breadth_of_interests": {
        "mean": -0.25,
        "sign_test_p": 0.4239501953125,
        "n_pos": 5,
        "n_neg": 9,
        "n_zero": 6,
        "per_prompt": [
          0.0,
          -1.5,
          0.0,
          0.0,
          -0.5,
          -0.5,
          1.0,
          0.5,
          1.0,
          1.0,
          0.0,
          -1.5,
          -1.0,
          -1.5,
          0.0,
          -0.5,
          1.0,
          -1.5,
          0.0,
          -1.0
        ]
      },
      "approach_to_difficulty": {
        "mean": -0.35,
        "sign_test_p": 0.1795654296875,
        "n_pos": 4,
        "n_neg": 10,
        "n_zero": 6,
        "per_prompt": [
          -1.5,
          -1.0,
          1.0,
          0.0,
          -1.0,
          -1.0,
          1.0,
          -1.0,
          2.0,
          0.0,
          0.0,
          -1.5,
          0.5,
          -1.5,
          0.0,
          -1.5,
          0.0,
          -1.0,
          0.0,
          -0.5
        ]
      }
    }
  },
  "absolute_scores": {
    "probe": {
      "task_preference_alignment": 0.7875,
      "breadth_of_interests": 0.7,
      "approach_to_difficulty": 0.725
    },
    "random_200": {
      "task_preference_alignment": 0.7125,
      "breadth_of_interests": 0.575,
      "approach_to_difficulty": 0.7375
    },
    "random_201": {
      "task_preference_alignment": 0.8,
      "breadth_of_interests": 0.55,
      "approach_to_difficulty": 0.8125
    },
    "random_202": {
      "task_preference_alignment": 0.8,
      "breadth_of_interests": 0.675,
      "approach_to_difficulty": 0.675
    }
  },
  "per_prompt_comparison": {
    "task_preference_alignment": [
      {
        "prompt_id": "REC_00",
        "probe_asym": 1.0,
        "random_mean_asym": -0.5,
        "probe_wins": 1.0
      },
      {
        "prompt_id": "REC_01",
        "probe_asym": -1.0,
        "random_mean_asym": -0.3333333333333333,
        "probe_wins": 1.0
      },
      {
        "prompt_id": "REC_02",
        "probe_asym": -1.0,
        "random_mean_asym": 0.6666666666666666,
        "probe_wins": 1.0
      },
      {
        "prompt_id": "REC_03",
        "probe_asym": 0.0,
        "random_mean_asym": 0.0,
        "probe_wins": 0.0
      },
      {
        "prompt_id": "REC_04",
        "probe_asym": 1.0,
        "random_mean_asym": -0.5,
        "probe_wins": 1.0
      },
      {
        "prompt_id": "REC_05",
        "probe_asym": 0.0,
        "random_mean_asym": -0.3333333333333333,
        "probe_wins": 0.0
      },
      {
        "prompt_id": "REC_06",
        "probe_asym": 1.0,
        "random_mean_asym": 0.6666666666666666,
        "probe_wins": 1.0
      },
      {
        "prompt_id": "REC_07",
        "probe_asym": 0.0,
        "random_mean_asym": -0.3333333333333333,