{
  "creative_artist": {
    "layer": 31,
    "topic_stats": {
      "stress_test": {
        "mean": 39973.41845037018,
        "std": 3069.5407137717357,
        "n": 17373
      },
      "math": {
        "mean": 40445.08708852593,
        "std": 1784.1632759277782,
        "n": 4965
      },
      "wildchat": {
        "mean": 35853.71289500701,
        "std": 3355.1126219965467,
        "n": 3120
      },
      "bailbench": {
        "mean": 39290.620579447495,
        "std": 1776.1374454235715,
        "n": 638
      },
      "alpaca": {
        "mean": 36707.66353715945,
        "std": 2827.176108332517,
        "n": 3900
      }
    }
  },
  "stem_nerd": {
    "layer": 31,
    "topic_stats": {
      "stress_test": {
        "mean": -959.6562409451168,
        "std": 428.0825102407283,
        "n": 17373
      },
      "math": {
        "mean": -1177.4259354052588,
        "std": 122.02672046065595,
        "n": 4965
      },
      "wildchat": {
        "mean": -955.5323089813575,
        "std": 418.9641452042964,
        "n": 3120
      },
      "bailbench": {
        "mean": -855.207634175459,
        "std": 242.4268314359062,
        "n": 638
      },
      "alpaca": {
        "mean": -1038.9433754407441,
        "std": 388.80040079949157,
        "n": 3900
      }
    }
  },
  "uncensored": {
    "layer": 37,
    "topic_stats": {
      "stress_test": {
        "mean": -24372.15019461548,
        "std": 2261.925213740348,
        "n": 17373
      },
      "math": {
        "mean": -25261.76915832704,
        "std": 1002.686033400555,
        "n": 4965
      },
      "wildchat": {
        "mean": -21111.2076559996,
        "std": 1678.1530472282416,
        "n": 3120
      },
      "bailbench": {
        "mean": -25336.06124179565,
        "std": 1446.700006085036,
        "n": 638
      },
      "alpaca": {
        "mean": -20938.56587489984,
        "std": 1613.4903082873905,
        "n": 3900
      }
    }
  }
}