task_id,mu,sigma
wildchat_8,0.0,1.0
wildchat_21,-0.4868885819699432,1.0
wildchat_39,0.6491847759599242,1.0
wildchat_49,1.2774781855677848e-16,1.0
wildchat_66,-0.32459238797996226,1.0
