{
  "exp1a": {
    "layer": 31,
    "n": 360,
    "n_on_target": 60,
    "n_pos": 25,
    "n_neg": 35,
    "behavioral_r2": 0.23316185596619785,
    "behavioral_r2_on_target": 0.7053379588878423,
    "behavioral_slope": 0.3805529695780046,
    "behavioral_sign_agreement": 0.95,
    "probe_r2": 0.15904155716274998,
    "probe_r2_on_target": 0.6532390277503236,
    "probe_slope": 3.2327311286570892,
    "probe_sign_agreement": 0.9166666666666666,
    "beh_probe_r_all": 0.6115602750162121,
    "beh_probe_r_on_target": 0.8976691821858602,
    "beh_probe_sign_all": 0.7091988130563798,
    "beh_probe_sign_all_n": 337,
    "beh_probe_sign_on_target": 0.9473684210526315,
    "beh_probe_sign_on_target_n": 57,
    "beh_gt_r_all": 0.48286836297918545,
    "beh_gt_r_on_target": 0.8398440086634199,
    "probe_gt_r_all": 0.39880014689409315,
    "probe_gt_r_on_target": 0.8082320383097441
  },
  "exp1b": {
    "layer": 31,
    "n": 640,
    "n_on_target": 80,
    "n_pos": 40,
    "n_neg": 40,
    "behavioral_r2": 0.32166037035386497,
    "behavioral_r2_on_target": 0.8874835609927103,
    "behavioral_slope": 0.48138381913539335,
    "behavioral_sign_agreement": 1.0,
    "probe_r2": 0.27111640646175106,
    "probe_r2_on_target": 0.8420668346751682,
    "probe_slope": 3.1933644665546357,
    "probe_sign_agreement": 0.975,
    "beh_probe_r_all": 0.6492520390645138,
    "beh_probe_r_on_target": 0.9473803800404359,
    "beh_probe_sign_all": 0.7189014539579968,
    "beh_probe_sign_all_n": 619,
    "beh_probe_sign_on_target": 0.975,
    "beh_probe_sign_on_target_n": 80,
    "beh_gt_r_all": 0.5671511001081325,
    "beh_gt_r_on_target": 0.9420634591112802,
    "probe_gt_r_all": 0.5206883967035862,
    "probe_gt_r_on_target": 0.917641997009274
  },
  "exp1c": {
    "layer": 31,
    "n": 640,
    "n_on_target": 80,
    "n_pos": 40,
    "n_neg": 40,
    "behavioral_r2": 0.2701914682690144,
    "behavioral_r2_on_target": 0.6548776763397567,
    "behavioral_slope": 0.3607273631136779,
    "behavioral_sign_agreement": 0.9625,
    "probe_r2": 0.07843743915901892,
    "probe_r2_on_target": 0.3926002409496304,
    "probe_slope": 1.947420938906463,
    "probe_sign_agreement": 0.7875,
    "beh_probe_r_all": 0.6599914694733895,
    "beh_probe_r_on_target": 0.8590014890597566,
    "beh_probe_sign_all": 0.7914438502673797,
    "beh_probe_sign_all_n": 561,
    "beh_probe_sign_on_target": 0.8243243243243243,
    "beh_probe_sign_on_target_n": 74,
    "beh_gt_r_all": 0.5197994500468565,
    "beh_gt_r_on_target": 0.8092451274735964,
    "probe_gt_r_all": 0.28006684766144474,
    "probe_gt_r_on_target": 0.6265782001870397
  },
  "exp1d": {
    "layer": 31,
    "n": 1920,
    "n_on_target": 528,
    "n_pos": 264,
    "n_neg": 264,
    "behavioral_r2": 0.25457639875793797,
    "behavioral_r2_on_target": 0.6023140104453493,
    "behavioral_slope": 0.33449134277498005,
    "behavioral_sign_agreement": 0.9166666666666666,
    "probe_r2": 0.21722353782446271,
    "probe_r2_on_target": 0.49595401002294537,
    "probe_slope": 2.443811094668823,
    "probe_sign_agreement": 0.7859848484848485,
    "beh_probe_r_all": 0.7748165947175832,
    "beh_probe_r_on_target": 0.8807023190520422,
    "beh_probe_sign_all": 0.6780784097183876,
    "beh_probe_sign_all_n": 1811,
    "beh_probe_sign_on_target": 0.8043478260869565,
    "beh_probe_sign_on_target_n": 506,
    "beh_gt_r_all": 0.5045556448578672,
    "beh_gt_r_on_target": 0.7760889191615541,
    "probe_gt_r_all": 0.4660724598433839,
    "probe_gt_r_on_target": 0.7042400230198118
  },
  "exp3": {
    "layer": 31,
    "n": 3000,
    "n_on_target": 40,
    "n_pos": 20,
    "n_neg": 20,
    "behavioral_r2": 0.05162348727694472,
    "behavioral_r2_on_target": 0.8746969909812454,
    "behavioral_slope": 0.385140306122449,
    "behavioral_sign_agreement": 1.0,
    "probe_r2": 0.012391995105098594,
    "probe_r2_on_target": 0.4959528380617355,
    "probe_slope": 1.9741857738899624,
    "probe_sign_agreement": 0.725,
    "beh_probe_r_all": 0.5118645855436814,
    "beh_probe_r_on_target": 0.7606754950349806,
    "beh_probe_sign_all": 0.6311270125223614,
    "beh_probe_sign_all_n": 2795,
    "beh_probe_sign_on_target": 0.725,
    "beh_probe_sign_on_target_n": 40,
    "beh_gt_r_all": 0.22720802643600585,
    "beh_gt_r_on_target": 0.9352523675357602,
    "probe_gt_r_all": 0.11131933841475428,
    "probe_gt_r_on_target": 0.7042391909441958
  }
}