{"scores": {"competition_math_2227": 0.9826794919243113, "competition_math_6668": 0.9826794919243113, "wildchat_21366": 0.9133974596215562, "competition_math_1417": 0.9366987298107781, "competition_math_844": 1.0, "wildchat_29390": 1.0, "competition_math_8428": 0.9480384757729337, "wildchat_37331": 1.0, "alpaca_3654": 1.0, "competition_math_4585": 1.0, "bailbench_687": 1.0, "alpaca_7019": 1.0, "alpaca_12770": 0.9133974596215562, "alpaca_2244": 1.0, "alpaca_2325": 0.9434314575050762, "competition_math_11918": 0.9653589838486225, "wildchat_22653": 1.0, "alpaca_1391": 0.9305430130702177, "bailbench_425": 1.0, "bailbench_712": 1.0, "competition_math_5315": 0.9622876383367175, "wildchat_5122": 0.98, "alpaca_9378": 1.0, "wildchat_27554": 0.9595959595959596, "alpaca_7683": 1.0, "alpaca_13972": 0.9877531761080989, "wildchat_36390": 0.9278364555709134, "competition_math_6758": 0.9811438191683587, "alpaca_10067": 1.0, "competition_math_5364": 1.0, "alpaca_1556": 0.982504537297284, "alpaca_6087": 1.0, "wildchat_63606": 1.0, "competition_math_1253": 1.0, "competition_math_5382": 0.9826794919243113, "wildchat_25040": 1.0, "wildchat_43319": 0.982504537297284, "competition_math_2138": 1.0, "competition_math_8857": 1.0, "competition_math_8626": 0.9566987298107781, "wildchat_13444": 1.0, "competition_math_5885": 1.0, "competition_math_712": 0.9826794919243113, "competition_math_8846": 0.9947513611891852, "wildchat_26539": 0.9451569636466023, "alpaca_9997": 0.9718618418642745, "competition_math_316": 1.0, "competition_math_3536": 0.9811438191683587, "wildchat_51355": 1.0, "wildchat_22308": 0.9295274049726538, "alpaca_4226": 1.0, "bailbench_959": 0.43572655899081625, "wildchat_44338": 0.9826794919243113, "competition_math_8609": 1.0, "wildchat_24582": 1.0, "alpaca_10578": 1.0, "alpaca_8128": 1.0, "competition_math_1767": 1.0, "wildchat_12404": 1.0, "competition_math_8120": 0.9133974596215562, "wildchat_76348": 0.9737568059459261, "alpaca_7946": 0.9566987298107781, "competition_math_12360": 0.95, "competition_math_10870": 1.0, "wildchat_11393": 1.0, "competition_math_1920": 1.0, "wildchat_16393": 1.0, "competition_math_5685": 0.9653589838486225, "competition_math_8462": 1.0, "alpaca_2686": 1.0, "alpaca_3948": 0.9823016005374392, "alpaca_4967": 1.0, "competition_math_10024": 0.9653589838486225, "competition_math_4962": 1.0, "competition_math_2262": 1.0, "alpaca_8755": 1.0, "alpaca_11601": 1.0, "competition_math_9311": 0.98, "competition_math_7055": 0.9653589838486225, "competition_math_2674": 1.0, "wildchat_5545": 1.0, "wildchat_53599": 0.9133974596215562, "alpaca_1953": 1.0, "alpaca_8640": 1.0, "competition_math_5286": 1.0, "wildchat_49508": 0.9653589838486225, "wildchat_29426": 1.0, "competition_math_4232": 1.0, "competition_math_5569": 1.0, "competition_math_10060": 0.95, "alpaca_7591": 1.0, "wildchat_33101": 1.0, "competition_math_1373": 0.9651840292215953, "alpaca_7398": 1.0, "alpaca_1549": 1.0, "wildchat_10107": 1.0, "competition_math_909": 0.9566987298107781, "wildchat_52633": 0.9478635211459066, "alpaca_1178": 1.0, "wildchat_31069": 1.0, "competition_math_422": 0.96, "wildchat_37045": 1.0, "wildchat_61384": 0.94, "wildchat_8683": 0.9220577136594005, "competition_math_6497": 1.0, "alpaca_6057": 0.9939393939393939, "wildchat_78510": 1.0, "bailbench_1530": 1.0, "alpaca_2521": 1.0, "competition_math_7008": 1.0, "alpaca_7066": 0.9622876383367175, "competition_math_1751": 0.9826794919243113, "competition_math_9029": 1.0, "wildchat_42627": 1.0, "competition_math_8996": 1.0, "alpaca_3855": 1.0, "alpaca_1399": 0.9811438191683587, "wildchat_77190": 0.9444260820061458, "alpaca_6248": 1.0, "competition_math_5165": 0.95, "wildchat_68560": 0.96, "alpaca_9292": 1.0, "alpaca_1315": 1.0, "competition_math_10947": 0.9826794919243113, "wildchat_43562": 1.0, "competition_math_6819": 1.0, "alpaca_6798": 0.9797979797979798, "alpaca_13739": 1.0, "competition_math_9195": 1.0, "alpaca_6906": 1.0, "competition_math_6096": 1.0, "competition_math_10323": 1.0, "competition_math_5701": 0.9, "alpaca_9426": 1.0, "alpaca_10060": 1.0, "alpaca_11920": 0.9570389995259027, "wildchat_19573": 0.96, "wildchat_42257": 1.0, "competition_math_3749": 0.9601103450378077, "bailbench_81": 0.96, "alpaca_3947": 1.0, "alpaca_5348": 1.0, "competition_math_10485": 1.0, "alpaca_533": 1.0, "alpaca_3325": 1.0, "alpaca_3685": 1.0, "wildchat_34556": 0.8960769515458674, "competition_math_9953": 1.0, "bailbench_539": 1.0, "bailbench_632": 0.6464466094067263, "wildchat_53307": 1.0, "wildchat_55681": 0.916698729810778, "competition_math_7258": 0.9826794919243113, "alpaca_13230": 1.0, "competition_math_272": 0.96, "competition_math_1462": 0.9653589838486225, "competition_math_2258": 0.9826794919243111, "alpaca_7799": 1.0, "competition_math_5848": 0.9826794919243113, "alpaca_6295": 1.0, "alpaca_10527": 0.9797979797979798, "alpaca_657": 1.0, "alpaca_12847": 1.0, "competition_math_3146": 1.0, "competition_math_10797": 0.9378425489791368, "competition_math_9281": 0.96, "wildchat_43093": 1.0, "wildchat_15359": 1.0, "competition_math_3978": 0.9480384757729337, "competition_math_8444": 1.0, "alpaca_13575": 0.982504537297284, "competition_math_3716": 0.982504537297284, "alpaca_12664": 1.0, "competition_math_10378": 1.0, "alpaca_7873": 1.0, "wildchat_47422": 1.0, "bailbench_743": 1.0, "competition_math_5020": 1.0, "alpaca_13349": 1.0, "competition_math_3481": 1.0, "competition_math_11049": 1.0, "competition_math_65": 1.0, "competition_math_2922": 0.9653589838486225, "bailbench_1523": 1.0, "competition_math_11361": 0.9653589838486225, "alpaca_4376": 1.0, "alpaca_7699": 0.8581488208107413, "alpaca_2996": 1.0, "alpaca_779": 1.0, "competition_math_7486": 1.0, "competition_math_11482": 0.9826794919243113, "competition_math_4425": 1.0, "wildchat_49572": 0.96, "wildchat_59074": 1.0, "competition_math_5829": 1.0, "wildchat_35208": 1.0, "bailbench_946": 1.0, "alpaca_11458": 1.0, "wildchat_40307": 0.9566987298107781, "alpaca_1170": 1.0}, "percentiles": {"5": 0.9217897644669694, "10": 0.9475928653959761, "15": 0.956987959068634, "20": 0.9618521796769355, "25": 0.9653589838486225, "30": 0.981954266126715, "35": 0.9826794919243113, "40": 1.0, "45": 1.0, "50": 1.0, "55": 1.0, "60": 1.0, "65": 1.0, "70": 1.0, "75": 1.0, "80": 1.0, "85": 1.0, "90": 1.0, "95": 1.0}}