{"scores": {"competition_math_10797": 0.8466116715781351, "competition_math_8120": 0.7299627780769028, "alpaca_5348": 0.7260472346755033, "bailbench_632": 0.9231885425213139, "competition_math_4232": 0.7, "competition_math_2138": 0.7666189611567253, "competition_math_909": 0.8224897494997521, "wildchat_43319": 0.7546592785507602, "wildchat_49572": 0.8829974789827192, "wildchat_55681": 0.9217952817188598, "alpaca_8755": 0.8867168789999144, "alpaca_2244": 0.8673611798288666, "alpaca_13972": 0.9064110105645932, "alpaca_6248": 0.729390812189457, "alpaca_7066": 0.7666294175932196, "competition_math_5829": 0.8162946894067377, "competition_math_10485": 0.7941847613470179, "bailbench_81": 0.8654365532420285, "competition_math_1462": 0.9216203270918326, "alpaca_7591": 0.9549104177548966, "wildchat_26539": 0.7184036669593036, "competition_math_3978": 0.8783190569026107, "alpaca_6087": 0.8464468390478175, "alpaca_12847": 0.7855506651245554, "competition_math_3749": 0.8388245449907019, "competition_math_4585": 0.8549650984982179, "bailbench_959": 0.9332205432471286, "competition_math_4962": 0.8369778130469705, "wildchat_15359": 0.8220577136594005, "competition_math_7055": 0.8076112791930633, "alpaca_7683": 0.6921945720081201, "alpaca_3325": 0.7617499280496606, "alpaca_6295": 0.8448892473996683, "wildchat_49508": 0.965928861669991, "wildchat_8683": 0.837553311412968, "wildchat_53599": 0.7929863771599552, "alpaca_7699": 0.9081287588537458, "bailbench_1523": 0.7910694948459198, "competition_math_5020": 0.8825666582943239, "alpaca_9292": 0.7630006873643994, "alpaca_11601": 0.8841928250192457, "competition_math_7008": 0.953756805945926, "alpaca_1315": 0.9647812937643239, "competition_math_4425": 0.6666666666666667, "wildchat_29426": 0.8966116715781353, "wildchat_78510": 0.7115526631543501, "competition_math_1253": 0.7932294516041938, "alpaca_2521": 0.8438350936007644, "alpaca_10527": 0.873222504994529, "wildchat_16393": 0.8180284314014139, "competition_math_1373": 0.9015178407782307, "wildchat_37331": 0.7878240947086136, "bailbench_743": 0.9028942815029508, "bailbench_687": 0.9, "competition_math_11361": 0.8160831585912982, "bailbench_539": 0.94401202006325, "wildchat_77190": 0.7425465097295246, "competition_math_6668": 0.7472480672746952, "alpaca_11458": 0.7843452754269373, "competition_math_2262": 0.8145909216278167, "competition_math_5848": 0.6694120863256245, "wildchat_37045": 0.8400000000000001, "wildchat_13444": 0.8814909054447796, "competition_math_7258": 0.8216098979828521, "wildchat_44338": 0.9579853588710067, "alpaca_9426": 0.7697462801782798, "competition_math_3146": 0.7980380562205819, "competition_math_422": 0.8633974596215561, "alpaca_1549": 0.9797979797979798, "alpaca_1178": 0.7244558993421488, "wildchat_53307": 0.7422727237353169, "competition_math_10378": 0.6573428263134539, "alpaca_1953": 0.6972723118967484, "wildchat_76348": 0.6882125320879278, "alpaca_12770": 0.8177354454699033, "bailbench_946": 0.9084469341558862, "competition_math_5364": 0.7985836801461066, "alpaca_7019": 0.8194728982839088, "alpaca_4226": 0.7838529953782603, "wildchat_61384": 0.9251569636466023, "competition_math_1417": 0.815928861669991, "competition_math_8444": 0.8483204107784416, "competition_math_5382": 0.8189740858831531, "competition_math_9953": 0.791756851074239, "wildchat_51355": 0.8682106074223274, "alpaca_13575": 0.8199205709819655, "competition_math_65": 0.8321973380455704, "wildchat_21366": 0.7892119792268828, "alpaca_1399": 0.8388930573751235, "wildchat_68560": 0.8565653184553467, "wildchat_47422": 0.8902416183525291, "competition_math_1767": 0.7139166384451894, "alpaca_3685": 0.844854000442549, "alpaca_7873": 0.7174503119559226, "competition_math_10870": 0.8432683919068881, "competition_math_5165": 0.8228924091165056, "wildchat_22308": 0.8479354323649111, "competition_math_6758": 0.7420059642238137, "bailbench_1530": 0.7963379418812881, "competition_math_9195": 0.7623147822445491, "wildchat_42257": 0.9131350276810154, "alpaca_10060": 0.8347793950202991, "alpaca_7398": 0.8350244432187226, "wildchat_59074": 0.7636072900866254, "wildchat_33101": 0.8933099823080426, "wildchat_27554": 0.7609010554449164, "wildchat_52633": 0.8750090745945681, "competition_math_8626": 0.9466116715781352, "alpaca_12664": 0.7986819051469057, "alpaca_13739": 0.7583066100334023, "alpaca_657": 0.8148497809679546, "competition_math_11049": 0.8579050644175022, "alpaca_6057": 0.80849526877225, "alpaca_9997": 0.8761672346266796, "alpaca_3947": 0.7632640482661247, "competition_math_3716": 0.9105153587316529, "competition_math_5315": 0.9406166632144489, "competition_math_8428": 0.8799948849495383, "wildchat_35208": 0.9163108952737772, "alpaca_7946": 0.9049650984982179, "alpaca_1170": 0.8834390528197927, "alpaca_11920": 0.7841773527511331, "competition_math_6819": 0.8061936793057276, "alpaca_13230": 0.8266199646160851, "alpaca_533": 0.7750503226854548, "alpaca_2686": 0.7975334252678832, "competition_math_6096": 0.8837534902944176, "competition_math_11918": 0.9104555357567041, "wildchat_63606": 0.7911506357296549, "alpaca_2996": 0.8717952817188598, "alpaca_1556": 0.8992032671080621, "competition_math_6497": 0.7882554743815324, "competition_math_10323": 1.0, "alpaca_779": 0.7622277252844664, "wildchat_43562": 0.7878293813215365, "wildchat_24582": 0.802336796895593, "competition_math_8857": 0.7974737791981639, "alpaca_4967": 0.7369187757016239, "competition_math_316": 0.8320028948229579, "competition_math_8609": 0.9399480995564579, "wildchat_22653": 0.8589031424753163, "alpaca_13349": 0.7661028362005429, "competition_math_5885": 0.8758749313438472, "competition_math_272": 0.726930152054264, "wildchat_29390": 0.9528209615210632, "competition_math_9281": 0.8893908250335116, "alpaca_7799": 0.8073851688177971, "alpaca_6906": 0.7991354224704577, "wildchat_40307": 0.9561078829587235, "alpaca_3855": 0.8277354454699033, "wildchat_36390": 0.6124598120635023, "alpaca_2325": 0.8602790832361925, "alpaca_8640": 0.8465332281608853, "alpaca_4376": 0.7794588630047751, "wildchat_11393": 0.9746064543636838, "wildchat_42627": 0.8295300921050017, "wildchat_19573": 0.9739317605729533, "wildchat_12404": 0.9191762015330691, "competition_math_2227": 0.8114355158421381, "alpaca_1391": 0.7390452143519589, "competition_math_2258": 0.8374051624115689, "bailbench_712": 0.9010044897070562, "alpaca_3654": 0.8226305322361691, "competition_math_8996": 0.7739984698513991, "alpaca_10067": 0.8892907444215757, "alpaca_6798": 0.76282135397098, "competition_math_5569": 0.8075533114129679, "wildchat_5545": 0.808668335546201, "competition_math_8846": 0.8355232908507886, "competition_math_1920": 0.8347300674672039, "competition_math_11482": 0.6770454566006213, "competition_math_9029": 0.7345265567514542, "competition_math_844": 0.9448849728659886, "competition_math_3481": 0.7556142776726553, "competition_math_8462": 0.9034314575050761, "competition_math_10060": 0.8312869823774988, "alpaca_9378": 0.7965023834646294, "wildchat_31069": 0.8722546915046253, "alpaca_8128": 0.9549650984982179, "wildchat_5122": 0.9081314224699744, "competition_math_9311": 0.8739787956608976, "alpaca_10578": 0.8150517845969089, "competition_math_5701": 0.8756043958875303, "competition_math_2922": 0.7811742443122629, "alpaca_3948": 0.7240961075563197, "competition_math_2674": 0.8783269812498026, "wildchat_10107": 0.938528010195684, "competition_math_712": 0.7979050644175023, "wildchat_43093": 0.9066833560179117, "competition_math_7486": 0.914784750555866, "wildchat_34556": 0.9037107841871934, "bailbench_425": 0.6791269399254416, "competition_math_5685": 0.9454725346984642, "competition_math_1751": 0.9574134547727294}, "percentiles": {"5": 0.7075092310503275, "10": 0.7313319116792683, "15": 0.7581719934153649, "20": 0.7664125111742524, "25": 0.7846466228513418, "30": 0.79320514415977, "35": 0.7989313396748593, "40": 0.8146426934958443, "45": 0.8198534200772569, "50": 0.8316449386002283, "55": 0.8388348218483651, "60": 0.8476706802075559, "65": 0.8677434222459239,