{"scores": {"wildchat_21366": 0.9731561682719672, "competition_math_8444": 0.8758749313438472, "alpaca_3947": 0.9606648507953179, "wildchat_33101": 0.9212522686486421, "alpaca_4376": 0.971252268648642, "alpaca_10578": 0.991252268648642, "alpaca_7019": 0.9566987298107781, "competition_math_8462": 0.8716479575117846, "competition_math_8609": 0.9739317605729533, "competition_math_7258": 0.8959019969188402, "wildchat_76348": 0.8877531761080989, "competition_math_5364": 0.962477471722291, "competition_math_712": 0.8969713644904357, "competition_math_6096": 0.8931954394195359, "alpaca_12664": 0.965928861669991, "competition_math_10870": 0.9301931038161634, "competition_math_10485": 0.8731954394195359, "alpaca_7799": 0.9346840886817848, "competition_math_5569": 0.9857150145214839, "wildchat_49572": 0.965928861669991, "competition_math_1253": 0.8777906485355946, "competition_math_5848": 0.8873292201945094, "competition_math_5382": 0.9826794919243113, "competition_math_844": 0.962504537297284, "alpaca_4226": 0.9826794919243113, "alpaca_10067": 0.9491782314156708, "competition_math_8846": 0.8785814888431513, "competition_math_11918": 0.9739317605729533, "alpaca_8755": 0.982504537297284, "alpaca_9292": 0.9476632792132353, "bailbench_632": 1.0, "competition_math_909": 0.973156168271967, "competition_math_3749": 0.982504537297284, "competition_math_1462": 0.8682236331390777, "wildchat_42257": 0.9597979797979798, "competition_math_6758": 0.991252268648642, "competition_math_272": 0.9774134547727293, "alpaca_657": 0.8898989898989899, "wildchat_10107": 0.9478635211459066, "alpaca_10527": 0.9739317605729532, "competition_math_6819": 0.9832493697456798, "bailbench_687": 0.9982504537297284, "alpaca_6057": 0.9832493697456798, "wildchat_37045": 0.9180014693239794, "competition_math_5829": 0.8785814888431513, "alpaca_7398": 0.965928861669991, "competition_math_10378": 0.9046497282701982, "wildchat_53307": 0.9725784818233011, "alpaca_11920": 0.947175406158434, "alpaca_3948": 0.8825045372972841, "wildchat_51355": 0.991252268648642, "wildchat_36390": 0.872596267696581, "alpaca_8640": 0.9465977197097679, "wildchat_49508": 0.9739317605729533, "competition_math_3716": 0.991252268648642, "bailbench_1530": 0.9961906705390624, "competition_math_8428": 0.9832493697456798, "alpaca_1399": 0.9725784818233011, "competition_math_10323": 0.8991124741430401, "wildchat_12404": 1.0, "alpaca_533": 0.9725784818233011, "alpaca_9378": 0.9348915535088866, "competition_math_11482": 1.0, "alpaca_6906": 0.8793263212915471, "competition_math_4425": 0.9651840292215953, "alpaca_13575": 0.9739317605729533, "wildchat_22653": 0.941252268648642, "wildchat_63606": 0.991252268648642, "wildchat_43093": 0.9653589838486225, "wildchat_5545": 0.9714300290429677, "wildchat_37331": 0.9651840292215953, "competition_math_5315": 0.9303680584431906, "competition_math_9029": 0.8739317605729532, "bailbench_743": 1.0, "competition_math_5165": 0.9606648507953179, "wildchat_44338": 0.9203315744304011, "wildchat_22308": 0.9399480995564579, "wildchat_31069": 0.965928861669991, "alpaca_9426": 0.9857150145214839, "competition_math_3481": 0.9826794919243113, "wildchat_53599": 0.8966468293672359, "competition_math_2262": 0.9739317605729533, "alpaca_6248": 0.9650090745945681, "competition_math_10060": 0.965928861669991, "wildchat_40307": 0.97043266803241, "competition_math_9195": 0.9046497282701982, "competition_math_3146": 0.9661846115015289, "competition_math_2227": 0.98989898989899, "competition_math_8120": 0.9465977197097679, "competition_math_9311": 0.913397459621556, "alpaca_4967": 0.954109520967279, "wildchat_27554": 0.9832493697456798, "wildchat_15359": 0.9701208091762645, "bailbench_1523": 0.971252268648642, "alpaca_1549": 1.0, "alpaca_7066": 0.9857150145214839, "competition_math_2258": 0.991252268648642, "alpaca_1315": 0.9739317605729533, "wildchat_29426": 0.8846497282701982, "competition_math_12360": 0.9857150145214838, "wildchat_61384": 1.0, "alpaca_6087": 0.991252268648642, "alpaca_3855": 0.9826794919243113, "wildchat_16393": 0.9739317605729533, "wildchat_78510": 1.0, "alpaca_7591": 1.0, "alpaca_2325": 1.0, "alpaca_6798": 0.965928861669991, "alpaca_7873": 0.9683945064457952, "alpaca_1391": 0.9133974596215562, "alpaca_1556": 0.8817919660673512, "alpaca_1170": 0.982504537297284, "competition_math_5286": 0.953756805945926, "wildchat_43562": 0.9725784818233011, "wildchat_43319": 0.8785814888431515, "competition_math_2138": 0.8825045372972841, "competition_math_8857": 0.8759019969188402, "competition_math_9953": 0.9826794919243113, "competition_math_8996": 1.0, "competition_math_10947": 0.962477471722291, "wildchat_29390": 0.9478635211459066, "alpaca_11601": 0.9739317605729533, "competition_math_5885": 0.9376520825060899, "wildchat_68560": 0.8785814888431515, "competition_math_422": 1.0, "alpaca_2244": 0.991252268648642, "bailbench_81": 0.9441118165695389, "alpaca_7683": 0.9164987394913596, "bailbench_959": 0.9622876383367175, "alpaca_5348": 0.971252268648642, "wildchat_59074": 0.9364967096087579, "alpaca_779": 0.965928861669991, "competition_math_1920": 0.8825045372972841, "alpaca_2686": 0.9606648507953179, "alpaca_1953": 0.9725784818233011, "alpaca_13349": 0.9739317605729533, "alpaca_1178": 0.9832493697456798, "wildchat_11393": 0.9947513611891853, "wildchat_13444": 1.0, "competition_math_11049": 0.8779853588710067, "wildchat_24582": 0.9861870764331542, "competition_math_4962": 0.9832493697456798, "competition_math_6497": 0.965928861669991, "bailbench_946": 0.9674273011459865, "wildchat_47422": 0.98, "bailbench_539": 0.9982504537297284, "competition_math_7055": 0.982504537297284, "competition_math_5020": 0.8855170756397734, "alpaca_6295": 0.991252268648642, "alpaca_2996": 0.8785814888431515, "wildchat_42627": 0.9402416183525292, "alpaca_7946": 0.971252268648642, "wildchat_52633": 0.982504537297284, "competition_math_2674": 0.8825045372972841, "competition_math_7008": 0.9739317605729533, "competition_math_3978": 0.8651840292215953, "competition_math_1767": 0.8882236331390777, "competition_math_4232": 0.9826794919243113, "competition_math_10024": 0.9832493697456798, "competition_math_1373": 0.9797979797979798, "competition_math_9281": 0.991252268648642, "alpaca_2521": 0.9809533526953118, "bailbench_425": 0.9725784818233011, "alpaca_3654": 0.903296449520546, "competition_math_10797": 0.8825045372972841, "wildchat_34556": 0.9566987298107781, "wildchat_26539": 0.982504537297284, "competition_math_65": 0.8632493697456798, "alpaca_9997": 0.9318577233399821, "competition_math_5701": 0.9479509984594201, "competition_math_7486": 0.8855170756397734, "alpaca_3685": 0.991252268648642, "competition_math_2922": 0.9512646283446233, "competition_math_316": 0.8203470862764208, "alpaca_3325": 0.9739317605729533, "wildchat_35208": 1.0, "competition_math_11361": 0.8734904063185968, "alpaca_8128": 0.9226275914807691, "wildchat_5122": 0.971252268648642, "competition_math_1417": 0.8758749313438471, "alpaca_12770": 1.0, "alpaca_11458": 0.8358101288350045, "wildchat_19573": 0.9809533526953118, "alpaca_10060": 0.9857150145214839, "alpaca_13230": 0.965928861669991, "alpaca_7699": 0.8619428558749511, "competition_math_4585": 0.8873292201945094, "alpaca_12847": 0.9739317605729533, "bailbench_712": 0.8787564434701786, "competition_math_3536": 0.9725784818233011, "competition_math_1751": 0.991252268648642, "alpaca_13739": 0.9704766763476559, "competition_math_5685": 0.871252268648642, "wildchat_8683": 0.9826794919243113, "competition_math_6668": 0.891252268648642, "wildchat_77190": 0.93750640146977, "wildchat_25040": 0.9580860207450881, "wildchat_55681": 0.991252268648642, "competition_math_8626": 0.98989898989899, "alpaca_13972": 0.9133974596215562}, "percentiles": {"5": 0.8734756579736437, "10": 0.8785814888431515, "15": 0.8843279496242611, "20": 0.8953606854189794, "25": 0.9157234195239088, "30": 0.9360151627787965, "35": 0.9474925236440549, "40": 0.9575311043713641, "45": 0.965105299639433, "50": 0.965928861669991, "55": 0.971252268648642,