task_id,mu,sigma
wildchat_8,0.0,0.8448586871208963
wildchat_21,1.4278217581038297,0.8791538356544748
wildchat_39,1.0090730662272385,1.1728046076116092
wildchat_49,-1.5355909994771075,1.102742970458232
wildchat_66,0.15603314444372698,0.6936294480388262
