task_id,mu,sigma
wildchat_8,0.0,1.0
wildchat_21,0.13737605199322864,1.0
wildchat_39,0.6868802599661429,1.0
wildchat_49,-0.8242563119593714,1.0
wildchat_66,-0.8242563119593714,1.0
wildchat_78,0.0,1.0
