task_id,mu,sigma
wildchat_8,0.0,0.8520808250933001
wildchat_21,-1.3982482356812043,0.9968971615331825
wildchat_39,-0.8372659283602099,1.37308419733333
wildchat_49,0.6723777500159474,1.155235552021493
wildchat_66,1.137933466107952,0.8726616652345152
