task_id,mu,sigma
wildchat_8,0.0,0.4845730086937913
wildchat_21,1.2894089970983826,1.3146717500748224
wildchat_39,-1.760858059508016,1.5843120167461373
wildchat_49,-0.6900915667555862,0.5033601060623317
wildchat_66,-0.6789410187438562,0.5651604563795546
