task_id,mu,sigma
wildchat_8,0.0,2.414254369009916
wildchat_21,-2.677743945092177,2.1021198397252667
wildchat_39,3.8520342524251525,0.9892751200377841
wildchat_49,1.4997439120262346,1.6097325627369796
wildchat_66,0.2560906768885235,1.8289269989946058
