task_id,mu,sigma
wildchat_8,0.0,0.4961947308036168
wildchat_21,2.9291511516302013,0.9694212682082426
wildchat_39,2.745486963163196,0.8318939039260369
