task_id,mu,sigma
wildchat_8,0.0,1.7054896317964863
wildchat_21,-0.25763278952936614,1.7818506156183127
wildchat_39,3.9069281107863825,0.9433082610278457
