task_id,mu,sigma
wildchat_8,0.0,1.0
wildchat_21,1.1578498325413211e-16,1.0
wildchat_39,0.8825886335579498,1.0
wildchat_49,-0.8825886335579498,1.0
wildchat_66,0.2941962111859833,1.0
