task_id,mu,sigma
wildchat_8,0.0,2.5452626325486034
wildchat_21,-4.757996136224159,0.9585337435122365
wildchat_39,0.6170948985678887,1.875811161543227
wildchat_49,-2.0820113080300797,0.8882797349118855
wildchat_66,2.3303105709788654,3.830270963164408
