task_id,mu,sigma
wildchat_8,0.0,0.9175875995965342
wildchat_21,1.0677414610783698,1.157745687301353
wildchat_39,-0.4860090973195194,0.870589758590751
wildchat_49,-1.0299173531179588,0.8760565946291893
wildchat_66,-0.9306258409341728,1.3526071876772905
