task_id,mu,sigma
wildchat_8,0.0,0.2672686650021745
wildchat_21,1.8188675320366063,7.38905609893065
wildchat_39,1.2637194065775297,0.5278752012703942
wildchat_49,-2.319167102856399,0.820255613138133
wildchat_66,3.1321810997517345,1.6257845742786032
wildchat_78,1.8294318543841936,0.4782190726037831
