{
  "tb-2": {
    "neutral": {
      "25": {
        "mean_correct": -10.288055192330376,
        "mean_incorrect": -11.879413947637397,
        "mean_diff": 1.5913587553070219,
        "cohens_d": 1.3122482824208606,
        "p_value": 4.8101289581984537e-157,
        "auc": 0.8248550000000001,
        "n_correct": 1000,
        "n_incorrect": 1000
      },
      "32": {
        "mean_correct": -8.224973309085156,
        "mean_incorrect": -10.27687487265309,
        "mean_diff": 2.0519015635679345,
        "cohens_d": 1.6990897932476117,
        "p_value": 3.832456538651172e-238,
        "auc": 0.883009,
        "n_correct": 1000,
        "n_incorrect": 1000,
        "perm_p": 0.000999000999000999,
        "observed_over_max_perm": 9.27998827051954
      },
      "39": {
        "mean_correct": -7.15940002939213,
        "mean_incorrect": -9.117359699382323,
        "mean_diff": 1.9579596699901929,
        "cohens_d": 1.2723310074701417,
        "p_value": 1.0693461330553145e-147,
        "auc": 0.8111069999999999,
        "n_correct": 1000,
        "n_incorrect": 1000,
        "perm_p": 0.000999000999000999,
        "observed_over_max_perm": 7.511154651251783
      },
      "46": {
        "mean_correct": -6.276490903405584,
        "mean_incorrect": -9.567910152107274,
        "mean_diff": 3.29141924870169,
        "cohens_d": 1.6201118151858498,
        "p_value": 5.747652495148972e-220,
        "auc": 0.863979,
        "n_correct": 1000,
        "n_incorrect": 1000
      },
      "53": {
        "mean_correct": -6.642379159878969,
        "mean_incorrect": -10.52601408665675,
        "mean_diff": 3.8836349267777805,
        "cohens_d": 1.8005036457985086,
        "p_value": 2.9346194687673845e-251,
        "auc": 0.896589,
        "n_correct": 1000,
        "n_incorrect": 1000
      }
    },
    "presupposes": {
      "25": {
        "mean_correct": -2.3564708049036933,
        "mean_incorrect": -8.109994225554814,
        "mean_diff": 5.7535234206511205,
        "cohens_d": 2.2804792839994734,
        "p_value": 0.0,
        "auc": 0.941052,
        "n_correct": 1000,
        "n_incorrect": 1000
      },
      "32": {
        "mean_correct": 1.1365658301174895,
        "mean_incorrect": -5.7100986169837284,
        "mean_diff": 6.846664447101218,
        "cohens_d": 2.2663441285379444,
        "p_value": 0.0,
        "auc": 0.9321579999999999,
        "n_correct": 1000,
        "n_incorrect": 1000,
        "perm_p": 0.000999000999000999,
        "observed_over_max_perm": 10.686251108761866
      },
      "39": {
        "mean_correct": 2.4991165676638474,
        "mean_incorrect": -5.574661703840063,
        "mean_diff": 8.073778271503912,
        "cohens_d": 2.507702305314127,
        "p_value": 0.0,
        "auc": 0.9484779999999999,
        "n_correct": 1000,
        "n_incorrect": 1000,
        "perm_p": 0.000999000999000999,
        "observed_over_max_perm": 10.556573942049411
      },
      "46": {
        "mean_correct": 2.191584665961159,
        "mean_incorrect": -5.639494756045711,
        "mean_diff": 7.83107942200687,
        "cohens_d": 2.584154156863546,
        "p_value": 0.0,
        "auc": 0.951045,
        "n_correct": 1000,
        "n_incorrect": 1000
      },
      "53": {
        "mean_correct": 1.5984731087459632,
        "mean_incorrect": -5.903718395113694,
        "mean_diff": 7.502191503859658,
        "cohens_d": 2.5779425878618745,
        "p_value": 0.0,
        "auc": 0.949856,
        "n_correct": 1000,
        "n_incorrect": 1000
      }
    },
    "challenge": {
      "25": {
        "mean_correct": -9.849810579509203,
        "mean_incorrect": -11.099532960353084,
        "mean_diff": 1.249722380843881,
        "cohens_d": 1.0348513978500202,
        "p_value": 3.9084827222058815e-105,
        "auc": 0.772756,
        "n_correct": 1000,
        "n_incorrect": 1000
      },
      "32": {
        "mean_correct": -7.686322609971275,
        "mean_incorrect": -8.691126698228175,
        "mean_diff": 1.0048040882568996,
        "cohens_d": 0.915802565448749,
        "p_value": 1.0040328334634272e-84,
        "auc": 0.742493,
        "n_correct": 1000,
        "n_incorrect": 1000,
        "perm_p": 0.000999000999000999,
        "observed_over_max_perm": 5.193165048697286
      },
      "39": {
        "mean_correct": -5.153429683632393,
        "mean_incorrect": -5.992924715808546,
        "mean_diff": 0.8394950321761527,
        "cohens_d": 0.6724276909963358,
        "p_value": 1.7321991456870038e-48,
        "auc": 0.685736,
        "n_correct": 1000,
        "n_incorrect": 1000,
        "perm_p": 0.000999000999000999,
        "observed_over_max_perm": 4.552013606357225
      },
      "46": {
        "mean_correct": -9.367586141890817,
        "mean_incorrect": -8.890126561557492,
        "mean_diff": -0.47745958033332414,
        "cohens_d": -0.36733641555233426,
        "p_value": 4.2556979499472067e-16,
        "auc": 0.409957,
        "n_correct": 1000,
        "n_incorrect": 1000
      },
      "53": {
        "mean_correct": -8.08858460223661,
        "mean_incorrect": -8.392986014280705,
        "mean_diff": 0.3044014120440952,
        "cohens_d": 0.16756694736615269,
        "p_value": 0.00018513363889997194,
        "auc": 0.539069,
        "n_correct": 1000,
        "n_incorrect": 1000
      }
    },
    "same_domain": {
      "25": {
        "mean_correct": -1.989825358894443,
        "mean_incorrect": -4.144934447879104,
        "mean_diff": 2.155109088984661,
        "cohens_d": 0.9739653300391119,
        "p_value": 1.6898797979867144e-94,
        "auc": 0.7540450000000001,
        "n_correct": 1000,
        "n_incorrect": 1000
      },
      "32": {
        "mean_correct": 1.3542593084387458,
        "mean_incorrect": -0.36988302837660775,
        "mean_diff": 1.7241423368153534,
        "cohens_d": 0.8749730759845369,
        "p_value": 4.599133712247548e-78,
        "auc": 0.737258,
        "n_correct": 1000,
        "n_incorrect": 1000,
        "perm_p": 0.000999000999000999,
        "observed_over_max_perm": 5.790469056025851
      },
      "39": {
        "mean_correct": 2.612307424618204,
        "mean_incorrect": 1.1103533698211279,
        "mean_diff": 1.5019540547970762,
        "cohens_d": 0.6823163027838417,
        "p_value": 9.402857653812467e-50,
        "auc": 0.686763,
        "n_correct": 1000,
        "n_incorrect": 1000,
        "perm_p": 0.000999000999000999,
        "observed_over_max_perm": 3.9710967878389147
      },
      "46": {
        "mean_correct": 1.896029623853889,
        "mean_incorrect": 0.12947313437504374,
        "mean_diff": 1.7665564894788452,
        "cohens_d": 0.888152929606659,
        "p_value": 6.307722620136832e-80,
        "auc": 0.738296,
        "n_correct": 1000,
        "n_incorrect": 1000
      },
      "53": {
        "mean_correct": 1.4444616008941333,
        "mean_incorrect": -0.4157490393222205,
        "mean_diff": 1.8602106402163539,
        "cohens_d": 0.9885415832442447,
        "p_value": 4.276030510306499e-96,
        "auc": 0.758392,
        "n_correct": 1000,
        "n_incorrect": 1000
      }
    },
    "control": {
      "25": {
        "mean_correct": -3.0685128905806596,
        "mean_incorrect": -4.20931546568354,
        "mean_diff": 1.1408025751028803,
        "cohens_d": 0.39640207679471917,
        "p_value": 1.6730986844944e-18,
        "auc": 0.616178,
        "n_correct": 1000,
        "n_incorrect": 1000
      },
      "32": {
        "mean_correct": 0.32808191011989596,
        "mean_incorrect": -0.7996943049810168,
        "mean_diff": 1.1277762151009127,
        "cohens_d": 0.3737684211841014,
        "p_value": 1.182018094406777e-16,
        "auc": 0.613675,
        "n_correct": 1000,
        "n_incorrect": 1000,
        "perm_p": 0.000999000999000999,
        "observed_over_max_perm": 2.6383530552859327
      },
      "39": {
        "mean_correct": 1.6866879504627803,
        "mean_incorrect": 0.97308889169794,