task_id,mu,sigma
wildchat_8,0.0,1.0
wildchat_21,0.0,1.0
wildchat_39,-0.281597104351866,1.0
wildchat_49,-0.4223956565277989,1.0
wildchat_66,0.844791313055598,1.0
