task_id,mu,sigma
wildchat_8,0.0,2.7168083515927104
wildchat_21,3.9535264928672746,6.364217820910257
wildchat_39,7.272761894756897,1.3702956303548532
wildchat_49,-8.934171035780473,0.9974319383766843
wildchat_66,-0.3428239975030884,1.0351918749962572
wildchat_78,-1.5032225269617703,5.718374578427428
