task_id,mu,sigma
wildchat_8,0.0,0.9205948232271219
wildchat_21,0.5338556791624935,1.5162489886107313
wildchat_39,2.161849312303437,1.3958509696383985
