task_id,mu,sigma
wildchat_8,0.0,1.0
wildchat_21,-0.17212033993458298,1.0
wildchat_39,1.204842379542081,1.0
wildchat_49,0.0,1.0
wildchat_66,-0.17212033993458298,1.0
