task_id,mu,sigma
wildchat_8,0.0,1.0601731383934125
wildchat_21,-0.2349819854813141,1.0601731383934125
wildchat_39,-0.7921269163078903,1.1239670833709379
