{
  "dose_response": {
    "sadist": {
      "multipliers": [
        -0.3,
        -0.1,
        0.0,
        0.1,
        0.3,
        0.5
      ],
      "means": [
        0.442,
        0.4599999999999999,
        0.47650000000000003,
        0.46511111111111114,
        0.45666666666666667,
        0.4501904761904762
      ],
      "sems": [
        0.05533497251895468,
        0.05792324266489512,
        0.057562787369931256,
        0.0564320964228403,
        0.049626724568353486,
        0.05019508611775486
      ],
      "n_pairs": [
        50,
        50,
        50,
        50,
        50,
        50
      ]
    },
    "villain": {
      "multipliers": [
        -0.1,
        -0.05,
        0.0,
        0.05,
        0.1
      ],
      "means": [
        0.5200952380952382,
        0.5219999999999999,
        0.472,
        0.4726666666666667,
        0.5008412698412699
      ],
      "sems": [
        0.02296069746696151,
        0.05239488992063939,
        0.058765532032834016,
        0.06340804758755952,
        0.033905354271367316
      ],
      "n_pairs": [
        50,
        50,
        50,
        50,
        50
      ]
    },
    "predator": {
      "multipliers": [
        -0.3,
        -0.1,
        0.0,
        0.1,
        0.3
      ],
      "means": [
        0.45599999999999996,
        0.462,
        0.4771111111111111,
        0.4671111111111111,
        0.4813333333333334
      ],
      "sems": [
        0.04500884266860621,
        0.05763289876804882,
        0.0574168124351584,
        0.05627557003994482,
        0.04045152064881756
      ],
      "n_pairs": [
        50,
        50,
        50,
        50,
        50
      ]
    },
    "aesthete": {
      "multipliers": [
        -0.5,
        -0.2,
        0.0,
        0.2,
        0.5
      ],
      "means": [
        0.5208650793650793,
        0.46599999999999997,
        0.4731111111111111,
        0.4528888888888889,
        0.5174285714285715
      ],
      "sems": [
        0.05074332684072426,
        0.05610558559264734,
        0.05808837673073584,
        0.054218430409032944,
        0.04144071401422957
      ],
      "n_pairs": [
        50,
        50,
        50,
        50,
        50
      ]
    },
    "stem_obsessive": {
      "multipliers": [
        -0.5,
        -0.2,
        0.0,
        0.2,
        0.5
      ],
      "means": [
        0.5228571428571428,
        0.47098412698412695,
        0.4711111111111111,
        0.46,
        0.4802380952380952
      ],
      "sems": [
        0.04214372188666588,
        0.05400411906848628,
        0.05768088858571173,
        0.04462999814803802,
        0.054265944007050614
      ],
      "n_pairs": [
        50,
        50,
        50,
        50,
        50
      ]
    }
  },
  "flip_stats": {
    "sadist": {
      "n_flipped": 21,
      "n_total": 250,
      "flip_rate": 0.084
    },
    "villain": {
      "n_flipped": 68,
      "n_total": 200,
      "flip_rate": 0.34
    },
    "predator": {
      "n_flipped": 22,
      "n_total": 200,
      "flip_rate": 0.11
    },
    "aesthete": {
      "n_flipped": 50,
      "n_total": 200,
      "flip_rate": 0.25
    },
    "stem_obsessive": {
      "n_flipped": 60,
      "n_total": 200,
      "flip_rate": 0.3
    }
  },
  "regression_stats": {
    "sadist": {
      "slope": 0.001960803368966578,
      "intercept": 0.45824797538062845,
      "r_squared": 1.7887157804611506e-06,
      "p_value": 0.9815958315269335,
      "std_err": 0.08492877398702063,
      "spearman_r": 0.006792618624044161,
      "spearman_p": 0.9067318377785045
    },
    "villain": {
      "slope": -0.17568253968253963,
      "intercept": 0.497520634920635,
      "r_squared": 0.0013183339291492166,
      "p_value": 0.5677251527425073,
      "std_err": 0.307046099277445,
      "spearman_r": -0.043518982079077735,
      "spearman_p": 0.4933617752045728
    },
    "predator": {
      "slope": 0.0405555555555556,
      "intercept": 0.46871111111111113,
      "r_squared": 0.0004988961634504938,
      "p_value": 0.7252606253318039,
      "std_err": 0.11526861409361075,
      "spearman_r": 0.03179823070933502,
      "spearman_p": 0.6168067845624894
    },
    "aesthete": {
      "slope": -0.007483579638752059,
      "intercept": 0.48605873015873013,
      "r_squared": 4.792246438798028e-05,
      "p_value": 0.9132748569028073,
      "std_err": 0.06864415545066849,
      "spearman_r": -0.013676748831313036,
      "spearman_p": 0.8296311048074023
    },
    "stem_obsessive": {
      "slope": -0.04052818828680902,
      "intercept": 0.48103809523809526,
      "r_squared": 0.0014949746982486104,
      "p_value": 0.5428495384926979,
      "std_err": 0.06651039941612247,
      "spearman_r": -0.041549882383282784,
      "spearman_p": 0.5131431090402406
    }
  },
  "unclear_stats": {
    "sadist": {
      "-0.3": {
        "unclear_rate": 0.0,
        "n_unclear": 0,
        "n_total": 500
      },
      "-0.1": {
        "unclear_rate": 0.0,
        "n_unclear": 0,
        "n_total": 500
      },
      "0.0": {
        "unclear_rate": 0.004,
        "n_unclear": 2,
        "n_total": 500
      },
      "0.1": {
        "unclear_rate": 0.002,
        "n_unclear": 1,
        "n_total": 500
      },
      "0.3": {
        "unclear_rate": 0.012,
        "n_unclear": 6,
        "n_total": 500
      },
      "0.5": {
        "unclear_rate": 0.642,
        "n_unclear": 321,
        "n_total": 500
      }
    },
    "villain": {
      "-0.1": {
        "unclear_rate": 0.088,
        "n_unclear": 44,
        "n_total": 500
      },
      "-0.05": {
        "unclear_rate": 0.0,
        "n_unclear": 0,
        "n_total": 500
      },
      "0.0": {
        "unclear_rate": 0.0,
        "n_unclear": 0,
        "n_total": 500
      },
      "0.05": {
        "unclear_rate": 0.002,
        "n_unclear": 1,
        "n_total": 500
      },
      "0.1": {
        "unclear_rate": 0.192,
        "n_unclear": 96,
        "n_total": 500
      }
    },
    "predator": {
      "-0.3": {
        "unclear_rate": 0.0,
        "n_unclear": 0,
        "n_total": 500
      },
      "-0.1": {
        "unclear_rate": 0.0,
        "n_unclear": 0,
        "n_total": 500
      },
      "0.0": {
        "unclear_rate": 0.002,
        "n_unclear": 1,
        "n_total": 500
      },
      "0.1": {
        "unclear_rate": 0.002,
        "n_unclear": 1,
        "n_total": 500
      },
      "0.3": {
        "unclear_rate": 0.008,
        "n_unclear": 4,
        "n_total": 500
      }
    },
    "aesthete": {
      "-0.5": {
        "unclear_rate": 0.736,
        "n_unclear": 368,
        "n_total": 500
      },
      "-0.2": {
        "unclear_rate": 0.0,
        "n_unclear": 0,
        "n_total": 500
      },
      "0.0": {
        "unclear_rate": 0.002,
        "n_unclear": 1,
        "n_total": 500
      },
      "0.2": {
        "unclear_rate": 0.002,
        "n_unclear": 1,
        "n_total": 500
      },
      "0.5": {
        "unclear_rate": 0.758,
        "n_unclear": 379,
        "n_total": 500
      }
    },
    "stem_obsessive": {
      "-0.5": {
        "unclear_rate": 0.828,
        "n_unclear": 414,
        "n_total": 500
      },
      "-0.2": {
        "unclear_rate": 0.152,
        "n_unclear": 76,
        "n_total": 500
      },
      "0.0": {
        "unclear_rate": 0.002,
        "n_unclear": 1,
        "n_total": 500
      },
      "0.2": {
        "unclear_rate": 0.0,
        "n_unclear": 0,
        "n_total": 500
      },
      "0.5": {
        "unclear_rate": 0.756,
        "n_unclear": 378,
        "n_total": 500
      }
    }
  }
}