task_id,mu,sigma
wildchat_8,0.0,0.8895273458767486
wildchat_21,-0.8282736442040269,1.0038014212205952
wildchat_39,-0.3647690541537047,1.1268197122318255
wildchat_49,0.4038776824493131,1.0769914621775396
wildchat_66,1.1305673252146338,0.8852903252494874
wildchat_78,-0.3413484454146668,1.1521816069145339
