task_id,mu,sigma
wildchat_8,0.0,1.0
wildchat_21,0.2732927364526717,1.0
wildchat_39,-0.6832318411316793,1.0
wildchat_49,0.2732927364526717,1.0
wildchat_66,0.13664636822633586,1.0
