task_id,mu,sigma
wildchat_8,0.0,2.1645623335904474
wildchat_21,-1.500654912034019,1.8433511234427418
wildchat_39,-0.8164316340819074,1.0922128345914994
wildchat_49,-3.8392638827001195,1.8170638710545197
wildchat_66,1.71430167846068,2.248955080806982
