task_id,mu,sigma
wildchat_8,0.0,1.0
wildchat_21,0.0,1.0
wildchat_39,0.9762052462576551,1.0
wildchat_49,0.0,1.0
wildchat_66,-1.464307869386483,1.0
