{
  "ALPACA": {
    "n_total": 299,
    "n_refusals": 0,
    "refusal_rate": 0.0,
    "mean_score_refused": null,
    "mean_score_non_refused": 3.9565217391304346,
    "correlation": null,
    "p_value": null,
    "mann_whitney_u": null,
    "mann_whitney_p": null
  },
  "MATH": {
    "n_total": 386,
    "n_refusals": 0,
    "refusal_rate": 0.0,
    "mean_score_refused": null,
    "mean_score_non_refused": 3.906735751295337,
    "correlation": null,
    "p_value": null,
    "mann_whitney_u": null,
    "mann_whitney_p": null
  },
  "BAILBENCH": {
    "n_total": 64,
    "n_refusals": 51,
    "refusal_rate": 0.796875,
    "mean_score_refused": 1.0980392156862746,
    "mean_score_non_refused": 3.3846153846153846,
    "correlation": -0.813970320082764,
    "p_value": 2.9145879558322176e-16,
    "mann_whitney_u": 60.5,
    "mann_whitney_p": 1.1397839510022105e-10
  },
  "WILDCHAT": {
    "n_total": 240,
    "n_refusals": 13,
    "refusal_rate": 0.05416666666666667,
    "mean_score_refused": 3.076923076923077,
    "mean_score_non_refused": 3.9823788546255505,
    "correlation": -0.4538829070277702,
    "p_value": 1.3413554972698514e-13,
    "mann_whitney_u": 826.5,
    "mann_whitney_p": 7.814749698741232e-07
  }
}