task_id,mu,sigma
wildchat_8,0.0,1.9165036019247945
wildchat_21,-1.866597667528293,1.9955458606764973
wildchat_39,2.5249034759606728,0.9494229191175942
