task_id,mu,sigma
wildchat_8,0.0,1.0
wildchat_21,0.23239211329373619,1.0
wildchat_39,-0.23239211329373619,1.0
wildchat_49,-0.6971763398812085,1.0
wildchat_66,0.6971763398812085,1.0
wildchat_78,-0.23239211329373619,1.0
wildchat_88,-0.6971763398812085,1.0
wildchat_91,-1.1619605664686812,1.0
wildchat_96,1.1619605664686812,1.0
wildchat_109,-0.6971763398812085,1.0
