{
  "created_at": "2026-01-21T21:14:40.317599",
  "folds": [
    {
      "eval_datasets": [
        "alpaca",
        "bailbench"
      ],
      "probe_ids": [
        "0001"
      ],
      "n_probes": 1,
      "probes": [
        {
          "id": "0001",
          "eval_metrics": {
            "r2": -1.2655238685777697,
            "r2_adjusted": 0.24576147634900775,
            "pearson_r": 0.549966915800446,
            "by_dataset": {
              "alpaca": {
                "r2": 0.18609381925877877,
                "r2_adjusted": 0.2102609128182562,
                "mse": 0.18565253176887175,
                "mse_adjusted": 0.18014000193315263,
                "pearson_r": 0.4676812453568412,
                "n_samples": 304
              },
              "bailbench": {
                "r2": -2.717141556414318,
                "r2_adjusted": 0.2812620398797593,
                "mse": 0.5256820623836198,
                "mse_adjusted": 0.10164467708726958,
                "pearson_r": 0.6322525862440508,
                "n_samples": 350
              }
            }
          }
        }
      ]
    },
    {
      "eval_datasets": [
        "alpaca",
        "math"
      ],
      "probe_ids": [
        "0002"
      ],
      "n_probes": 1,
      "probes": [
        {
          "id": "0002",
          "eval_metrics": {
            "r2": -0.18972283532777728,
            "r2_adjusted": 0.08092991153841156,
            "pearson_r": 0.4352161533944402,
            "by_dataset": {
              "alpaca": {
                "r2": 0.16034469560552933,
                "r2_adjusted": 0.2011491664070657,
                "mse": 0.1915259237029421,
                "mse_adjusted": 0.18221839724467723,
                "pearson_r": 0.48424752021064543,
                "n_samples": 304
              },
              "math": {
                "r2": -0.5397903662610839,
                "r2_adjusted": -0.03928934333024259,
                "mse": 0.34283285639260885,
                "mse_adjusted": 0.23139678101602817,
                "pearson_r": 0.3861847865782349,
                "n_samples": 387
              }
            }
          }
        }
      ]
    },
    {
      "eval_datasets": [
        "alpaca",
        "wildchat"
      ],
      "probe_ids": [
        "0003"
      ],
      "n_probes": 1,
      "probes": [
        {
          "id": "0003",
          "eval_metrics": {
            "r2": 0.08278484622679944,
            "r2_adjusted": 0.15327723095689333,
            "pearson_r": 0.38835518507155325,
            "by_dataset": {
              "alpaca": {
                "r2": 0.15340291749622437,
                "r2_adjusted": 0.1990071431704724,
                "mse": 0.19310934782658806,
                "mse_adjusted": 0.18270699414489877,
                "pearson_r": 0.446246949037878,
                "n_samples": 304
              },
              "wildchat": {
                "r2": 0.012166774957374504,
                "r2_adjusted": 0.10754731874331425,
                "mse": 0.24053807249796794,
                "mse_adjusted": 0.21731284421605024,
                "pearson_r": 0.3304634211052285,
                "n_samples": 242
              }
            }
          }
        }
      ]
    },
    {
      "eval_datasets": [
        "bailbench",
        "math"
      ],
      "probe_ids": [
        "0004"
      ],
      "n_probes": 1,
      "probes": [
        {
          "id": "0004",
          "eval_metrics": {
            "r2": -1.0964153219754627,
            "r2_adjusted": 0.2258737621232319,
            "pearson_r": 0.5310351225195706,
            "by_dataset": {
              "bailbench": {
                "r2": -2.162458750126661,
                "r2_adjusted": 0.27456776336956423,
                "mse": 0.4472382374303123,
                "mse_adjusted": 0.10259138870119051,
                "pearson_r": 0.6406450737416022,
                "n_samples": 350
              },
              "math": {
                "r2": -0.03037189382426453,
                "r2_adjusted": 0.17717976087689957,
                "mse": 0.229411319389005,
                "mse_adjusted": 0.18320014143301333,
                "pearson_r": 0.4214251712975392,
                "n_samples": 387
              }
            }
          }
        }
      ]
    },
    {
      "eval_datasets": [
        "bailbench",
        "wildchat"
      ],
      "probe_ids": [
        "0005"
      ],
      "n_probes": 1,
      "probes": [
        {
          "id": "0005",
          "eval_metrics": {
            "r2": -2.145707713172436,
            "r2_adjusted": 0.07839158515062272,
            "pearson_r": 0.2994567170365274,
            "by_dataset": {
              "bailbench": {
                "r2": -4.361531040685314,
                "r2_adjusted": 0.0684403197329232,
                "mse": 0.7582333500691415,
                "mse_adjusted": 0.13174214824054423,
                "pearson_r": 0.3016204053414762,
                "n_samples": 350
              },
              "wildchat": {
                "r2": 0.07011561434044178,
                "r2_adjusted": 0.08834285056832225,
                "mse": 0.2264274900885781,
                "mse_adjusted": 0.2219891454793144,
                "pearson_r": 0.29729302873157853,
                "n_samples": 242
              }
            }
          }
        }
      ]
    },
    {
      "eval_datasets": [
        "math",
        "wildchat"
      ],
      "probe_ids": [
        "0006"
      ],
      "n_probes": 1,
      "probes": [
        {
          "id": "0006",
          "eval_metrics": {
            "r2": -0.040075484331777655,
            "r2_adjusted": -0.02107066091762483,
            "pearson_r": 0.3327613406030053,
            "by_dataset": {
              "math": {
                "r2": -0.005968771484931024,
                "r2_adjusted": 0.003942966084385158,
                "mse": 0.2239779874759039,
                "mse_adjusted": 0.22177114855993263,
                "pearson_r": 0.3443821997566206,
                "n_samples": 387
              },
              "wildchat": {
                "r2": -0.07418219717862429,
                "r2_adjusted": -0.046084287919634814,
                "mse": 0.2615641068458992,
                "mse_adjusted": 0.254722246536849,
                "pearson_r": 0.32114048144938995,
                "n_samples": 242
              }
            }
          }
        }
      ]
    }
  ]
}