task_id,mu,sigma
wildchat_8,0.0,1.0
wildchat_21,-0.9017293542340021,1.0
wildchat_39,0.9017293542340021,1.0
