{
  "coefficients": [
    -5.0,
    -3.0,
    0.0,
    3.0,
    5.0
  ],
  "means": [
    0.8933333333333333,
    0.8503401360544217,
    0.7361111111111112,
    0.2781954887218045,
    0.06766917293233082
  ],
  "stds": [
    0.44939465456940575,
    0.5262334586615977,
    0.6768607183895115,
    0.9605244765516578,
    0.9977078144600524
  ],
  "sems": [
    0.03669291989431163,
    0.043403004144980176,
    0.05640505986579262,
    0.08328803495898793,
    0.08651223925904324
  ],
  "cohens_d": -1.0670949813790693,
  "t_statistic": -9.110914895140727,
  "p_value_ttest": 1.5855088517259015e-17,
  "regression_slope": -0.08516038924654439,
  "regression_intercept": 0.5660320092866886,
  "regression_r2": 0.14831064912278227,
  "regression_p_value": 2.0548280683730454e-26,
  "n_per_condition": [
    150,
    147,
    144,
    133,
    133
  ]
}