task_id,mu,sigma
wildchat_8,0.0,1.2833682937711928
wildchat_21,0.8919636092849962,1.039066896305085
wildchat_39,-0.2420309643887982,1.0078297170878805
