{
  "raw": {
    "tb-2": {
      "25": {
        "mean_true": -7.33721040087997,
        "mean_false": -8.530832407421595,
        "mean_diff": 1.1936220065416254,
        "cohens_d": 0.7888597507602603,
        "p_value": 3.4453995916574304e-296,
        "n_true": 4810,
        "n_false": 4585
      },
      "32": {
        "mean_true": -7.409455063142566,
        "mean_false": -8.609565362902607,
        "mean_diff": 1.2001102997600412,
        "cohens_d": 0.6698237150547848,
        "p_value": 2.4798022848018927e-219,
        "n_true": 4810,
        "n_false": 4585
      },
      "39": {
        "mean_true": -6.496106248372595,
        "mean_false": -7.77023958994918,
        "mean_diff": 1.2741333415765856,
        "cohens_d": 0.8191720589580784,
        "p_value": 0.0,
        "n_true": 4810,
        "n_false": 4585
      },
      "46": {
        "mean_true": -5.739399098647704,
        "mean_false": -7.73403406670535,
        "mean_diff": 1.994634968057646,
        "cohens_d": 1.2503578876507457,
        "p_value": 0.0,
        "n_true": 4810,
        "n_false": 4585
      },
      "53": {
        "mean_true": -5.556205386126954,
        "mean_false": -6.46410546026078,
        "mean_diff": 0.9079000741338259,
        "cohens_d": 0.5996320508348371,
        "p_value": 2.435976738156516e-177,
        "n_true": 4810,
        "n_false": 4585
      }
    },
    "tb-5": {
      "25": {
        "mean_true": -6.709415151441171,
        "mean_false": -8.39241477191603,
        "mean_diff": 1.6829996204748596,
        "cohens_d": 0.987054205923078,
        "p_value": 0.0,
        "n_true": 4810,
        "n_false": 4585
      },
      "32": {
        "mean_true": -7.081641993796648,
        "mean_false": -8.296853739372585,
        "mean_diff": 1.215211745575937,
        "cohens_d": 0.8145857137637112,
        "p_value": 0.0,
        "n_true": 4810,
        "n_false": 4585
      },
      "39": {
        "mean_true": -6.613418835420276,
        "mean_false": -7.9825744138641115,
        "mean_diff": 1.3691555784438352,
        "cohens_d": 0.9871095811483823,
        "p_value": 0.0,
        "n_true": 4810,
        "n_false": 4585
      },
      "46": {
        "mean_true": -6.432917272799496,
        "mean_false": -7.094652864070948,
        "mean_diff": 0.6617355912714524,
        "cohens_d": 0.4735754790493747,
        "p_value": 3.3288151334048407e-113,
        "n_true": 4810,
        "n_false": 4585
      },
      "53": {
        "mean_true": -5.850721334404734,
        "mean_false": -7.14550847731129,
        "mean_diff": 1.2947871429065554,
        "cohens_d": 0.8244721274606645,
        "p_value": 0.0,
        "n_true": 4810,
        "n_false": 4585
      }
    }
  },
  "repeat": {
    "tb-2": {
      "25": {
        "mean_true": -1.6782588271275294,
        "mean_false": -3.565585061128574,
        "mean_diff": 1.8873262340010448,
        "cohens_d": 1.2411732034576766,
        "p_value": 0.0,
        "n_true": 4810,
        "n_false": 4585
      },
      "32": {
        "mean_true": -2.715136987008776,
        "mean_false": -5.1979474335829465,
        "mean_diff": 2.4828104465741707,
        "cohens_d": 2.179936509370334,
        "p_value": 0.0,
        "n_true": 4810,
        "n_false": 4585
      },
      "39": {
        "mean_true": -1.0423306030325632,
        "mean_false": -4.703610276289167,
        "mean_diff": 3.6612796732566038,
        "cohens_d": 2.2549564547856242,
        "p_value": 0.0,
        "n_true": 4810,
        "n_false": 4585
      },
      "46": {
        "mean_true": -1.0904115313122338,
        "mean_false": -4.979067123254344,
        "mean_diff": 3.8886555919421104,
        "cohens_d": 1.9786614394555235,
        "p_value": 0.0,
        "n_true": 4810,
        "n_false": 4585
      },
      "53": {
        "mean_true": -1.5330125142164919,
        "mean_false": -4.345857950627014,
        "mean_diff": 2.812845436410522,
        "cohens_d": 1.8433155411219644,
        "p_value": 0.0,
        "n_true": 4810,
        "n_false": 4585
      }
    },
    "tb-5": {
      "25": {
        "mean_true": -0.41944436628739495,
        "mean_false": -3.2172145254095765,
        "mean_diff": 2.7977701591221815,
        "cohens_d": 1.6789243308691064,
        "p_value": 0.0,
        "n_true": 4810,
        "n_false": 4585
      },
      "32": {
        "mean_true": -1.927306010656413,
        "mean_false": -4.642414012557461,
        "mean_diff": 2.715108001901048,
        "cohens_d": 2.0352343630950243,
        "p_value": 0.0,
        "n_true": 4810,
        "n_false": 4585
      },
      "39": {
        "mean_true": -2.087308487576675,
        "mean_false": -5.106274298498448,
        "mean_diff": 3.018965810921773,
        "cohens_d": 2.237525092983343,
        "p_value": 0.0,
        "n_true": 4810,
        "n_false": 4585
      },
      "46": {
        "mean_true": -1.6102852477637994,
        "mean_false": -3.7602957511677335,
        "mean_diff": 2.150010503403934,
        "cohens_d": 1.8136499122825123,
        "p_value": 0.0,
        "n_true": 4810,
        "n_false": 4585
      },
      "53": {
        "mean_true": -1.0273597277109405,
        "mean_false": -3.050087408193312,
        "mean_diff": 2.0227276804823715,
        "cohens_d": 1.6511344924724678,
        "p_value": 0.0,
        "n_true": 4810,
        "n_false": 4585
      }
    }
  }
}