task_id,mu,sigma
wildchat_8,0.0,1.0
wildchat_21,-0.10516478267744364,1.0
wildchat_39,-0.31549434803233084,1.0
wildchat_49,0.31549434803233084,1.0
wildchat_66,0.10516478267744364,1.0
wildchat_78,0.31549434803233084,1.0
