task_id,mu,sigma
wildchat_8,0.0,1.0
wildchat_21,0.37776711445796624,1.0
wildchat_39,0.3777671144579663,1.0
wildchat_49,-0.503689485943955,1.0
wildchat_66,-9.911697784992045e-17,1.0
