task_id,mu,sigma
wildchat_8,0.0,1.0209934328022243
wildchat_21,0.6428435082233663,1.3455409541131444
wildchat_39,1.4281037796025446,0.9013543633294638
wildchat_49,-1.4281037796025449,0.901354363329464
wildchat_66,-0.6428435082233662,1.3455409541131444
