task_id,mu,sigma
wildchat_8,0.0,0.9188066792765932
wildchat_21,0.21251574061466702,1.1984401578999346
wildchat_39,0.8746596730072635,1.1011348217917551
