task_id,mu,sigma
wildchat_8,0.0,0.7619388622824206
wildchat_21,1.2557369073202658,1.3383407748259792
wildchat_39,-0.5029795385103619,0.933037591380601
wildchat_49,-1.511355705129616,1.2859989032423547
wildchat_66,-0.05378512244356459,0.9944141258144047
