task_id,mu,sigma
wildchat_8,0.0,1.0
wildchat_21,0.5710764284241241,1.0
wildchat_39,-0.19035880947470812,1.0
wildchat_49,-0.380717618949416,1.0
wildchat_66,0.38071761894941597,1.0
